[2026-09-11T21:30:27.689+0000] {manager.py:469} INFO - Processing files using up to 1 processes at a time 
[2026-09-11T21:30:27.692+0000] {manager.py:470} INFO - Process each file at most once every 30 seconds
[2026-09-11T21:30:27.694+0000] {manager.py:471} INFO - Checking for new files in /opt/airflow/dags every 300 seconds
[2026-09-11T21:30:27.697+0000] {manager.py:738} INFO - Searching for files in /opt/airflow/dags
[2026-09-11T21:30:27.717+0000] {manager.py:741} INFO - There are 1 files in /opt/airflow/dags
[2026-09-11T21:30:28.201+0000] {manager.py:879} INFO - 
================================================================================
DAG File Processing Stats

File Path                                  PID    Runtime      # DAGs    # Errors  Last Runtime    Last Run
-----------------------------------------  -----  ---------  --------  ----------  --------------  -------------------
/opt/airflow/dags/financial_bronze_dag.py                           0           1  0.21s           2026-09-11T21:30:28
================================================================================
[2026-09-11T21:30:59.276+0000] {manager.py:879} INFO - 
================================================================================
DAG File Processing Stats

File Path                                  PID    Runtime      # DAGs    # Errors  Last Runtime    Last Run
-----------------------------------------  -----  ---------  --------  ----------  --------------  -------------------
/opt/airflow/dags/financial_bronze_dag.py                           0           1  0.24s           2026-09-11T21:30:59
================================================================================
[2026-09-11T21:31:29.713+0000] {manager.py:879} INFO - 
================================================================================
DAG File Processing Stats

File Path                                  PID    Runtime      # DAGs    # Errors  Last Runtime    Last Run
-----------------------------------------  -----  ---------  --------  ----------  --------------  -------------------
/opt/airflow/dags/financial_bronze_dag.py                           0           1  0.21s           2026-09-11T21:31:29
================================================================================
[2026-09-11T21:31:59.937+0000] {manager.py:879} INFO - 
================================================================================
DAG File Processing Stats

File Path                                  PID    Runtime      # DAGs    # Errors  Last Runtime    Last Run
-----------------------------------------  -----  ---------  --------  ----------  --------------  -------------------
/opt/airflow/dags/financial_bronze_dag.py                           0           1  0.21s           2026-09-11T21:31:59
================================================================================
[2026-09-11T21:32:30.164+0000] {manager.py:879} INFO - 
================================================================================
DAG File Processing Stats

File Path                                  PID    Runtime      # DAGs    # Errors  Last Runtime    Last Run
-----------------------------------------  -----  ---------  --------  ----------  --------------  -------------------
/opt/airflow/dags/financial_bronze_dag.py                           0           1  0.21s           2026-09-11T21:32:30
================================================================================
[2026-09-11T21:33:00.342+0000] {manager.py:879} INFO - 
================================================================================
DAG File Processing Stats

File Path                                  PID    Runtime      # DAGs    # Errors  Last Runtime    Last Run
-----------------------------------------  -----  ---------  --------  ----------  --------------  -------------------
/opt/airflow/dags/financial_bronze_dag.py                           0           1  0.11s           2026-09-11T21:33:00
================================================================================
[2026-09-11T21:33:30.847+0000] {manager.py:879} INFO - 
================================================================================
DAG File Processing Stats

File Path                                  PID    Runtime      # DAGs    # Errors  Last Runtime    Last Run
-----------------------------------------  -----  ---------  --------  ----------  --------------  -------------------
/opt/airflow/dags/financial_bronze_dag.py                           0           1  0.22s           2026-09-11T21:33:30
================================================================================
[2026-09-11T21:34:09.852+0000] {manager.py:879} INFO - 
================================================================================
DAG File Processing Stats

File Path                                  PID    Runtime      # DAGs    # Errors  Last Runtime    Last Run
-----------------------------------------  -----  ---------  --------  ----------  --------------  -------------------
/opt/airflow/dags/financial_bronze_dag.py                           1           0  8.84s           2026-09-11T21:34:09
================================================================================
[2026-09-11T21:34:41.505+0000] {manager.py:879} INFO - 
================================================================================
DAG File Processing Stats

File Path                                  PID    Runtime      # DAGs    # Errors  Last Runtime    Last Run
-----------------------------------------  -----  ---------  --------  ----------  --------------  -------------------
/opt/airflow/dags/financial_bronze_dag.py                           1           0  1.22s           2026-09-11T21:34:41
================================================================================
[2026-09-11T21:35:12.454+0000] {manager.py:879} INFO - 
================================================================================
DAG File Processing Stats

File Path                                  PID    Runtime      # DAGs    # Errors  Last Runtime    Last Run
-----------------------------------------  -----  ---------  --------  ----------  --------------  -------------------
/opt/airflow/dags/financial_bronze_dag.py                           1           0  0.61s           2026-09-11T21:35:12
================================================================================
[2026-09-11T21:35:34.163+0000] {manager.py:738} INFO - Searching for files in /opt/airflow/dags
[2026-09-11T21:35:34.194+0000] {manager.py:741} INFO - There are 1 files in /opt/airflow/dags
[2026-09-11T21:35:48.915+0000] {manager.py:879} INFO - 
================================================================================
DAG File Processing Stats

File Path                                  PID    Runtime      # DAGs    # Errors  Last Runtime    Last Run
-----------------------------------------  -----  ---------  --------  ----------  --------------  -------------------
/opt/airflow/dags/financial_bronze_dag.py                           1           0  0.61s           2026-09-11T21:35:48
================================================================================
[2026-09-11T21:36:20.678+0000] {manager.py:879} INFO - 
================================================================================
DAG File Processing Stats

File Path                                  PID    Runtime      # DAGs    # Errors  Last Runtime    Last Run
-----------------------------------------  -----  ---------  --------  ----------  --------------  -------------------
/opt/airflow/dags/financial_bronze_dag.py                           1           0  1.31s           2026-09-11T21:36:20
================================================================================
[2026-09-11T21:37:00.771+0000] {manager.py:879} INFO - 
================================================================================
DAG File Processing Stats

File Path                                  PID    Runtime      # DAGs    # Errors  Last Runtime    Last Run
-----------------------------------------  -----  ---------  --------  ----------  --------------  -------------------
/opt/airflow/dags/financial_bronze_dag.py                           1           0  0.61s           2026-09-11T21:37:00
================================================================================
[2026-09-11T21:37:31.756+0000] {manager.py:879} INFO - 
================================================================================
DAG File Processing Stats

File Path                                  PID    Runtime      # DAGs    # Errors  Last Runtime    Last Run
-----------------------------------------  -----  ---------  --------  ----------  --------------  -------------------
/opt/airflow/dags/financial_bronze_dag.py                           1           0  0.41s           2026-09-11T21:37:31
================================================================================
[2026-09-11T21:38:03.030+0000] {manager.py:879} INFO - 
================================================================================
DAG File Processing Stats

File Path                                  PID    Runtime      # DAGs    # Errors  Last Runtime    Last Run
-----------------------------------------  -----  ---------  --------  ----------  --------------  -------------------
/opt/airflow/dags/financial_bronze_dag.py                           1           0  0.40s           2026-09-11T21:38:03
================================================================================
[2026-09-11T21:38:34.360+0000] {manager.py:879} INFO - 
================================================================================
DAG File Processing Stats

File Path                                  PID    Runtime      # DAGs    # Errors  Last Runtime    Last Run
-----------------------------------------  -----  ---------  --------  ----------  --------------  -------------------
/opt/airflow/dags/financial_bronze_dag.py                           1           0  0.41s           2026-09-11T21:38:34
================================================================================
[2026-09-11T21:39:04.977+0000] {manager.py:879} INFO - 
================================================================================
DAG File Processing Stats

File Path                                  PID    Runtime      # DAGs    # Errors  Last Runtime    Last Run
-----------------------------------------  -----  ---------  --------  ----------  --------------  -------------------
/opt/airflow/dags/financial_bronze_dag.py                           1           0  0.41s           2026-09-11T21:39:04
================================================================================
[2026-09-11T21:39:35.927+0000] {manager.py:879} INFO - 
================================================================================
DAG File Processing Stats

File Path                                  PID    Runtime      # DAGs    # Errors  Last Runtime    Last Run
-----------------------------------------  -----  ---------  --------  ----------  --------------  -------------------
/opt/airflow/dags/financial_bronze_dag.py                           1           0  0.40s           2026-09-11T21:39:35
================================================================================
[2026-09-11T21:40:07.136+0000] {manager.py:879} INFO - 
================================================================================
DAG File Processing Stats

File Path                                  PID    Runtime      # DAGs    # Errors  Last Runtime    Last Run
-----------------------------------------  -----  ---------  --------  ----------  --------------  -------------------
/opt/airflow/dags/financial_bronze_dag.py                           1           0  0.40s           2026-09-11T21:40:07
================================================================================
[2026-09-11T21:40:34.507+0000] {manager.py:738} INFO - Searching for files in /opt/airflow/dags
[2026-09-11T21:40:34.535+0000] {manager.py:741} INFO - There are 1 files in /opt/airflow/dags
[2026-09-11T21:40:38.264+0000] {manager.py:879} INFO - 
================================================================================
DAG File Processing Stats

File Path                                  PID    Runtime      # DAGs    # Errors  Last Runtime    Last Run
-----------------------------------------  -----  ---------  --------  ----------  --------------  -------------------
/opt/airflow/dags/financial_bronze_dag.py                           1           0  0.41s           2026-09-11T21:40:38
================================================================================
[2026-09-11T21:41:09.430+0000] {manager.py:879} INFO - 
================================================================================
DAG File Processing Stats

File Path                                  PID    Runtime      # DAGs    # Errors  Last Runtime    Last Run
-----------------------------------------  -----  ---------  --------  ----------  --------------  -------------------
/opt/airflow/dags/financial_bronze_dag.py                           1           0  0.51s           2026-09-11T21:41:09
================================================================================
[2026-09-11T21:41:40.616+0000] {manager.py:879} INFO - 
================================================================================
DAG File Processing Stats

File Path                                  PID    Runtime      # DAGs    # Errors  Last Runtime    Last Run
-----------------------------------------  -----  ---------  --------  ----------  --------------  -------------------
/opt/airflow/dags/financial_bronze_dag.py                           1           0  0.51s           2026-09-11T21:41:40
================================================================================
[2026-09-11T21:42:11.764+0000] {manager.py:879} INFO - 
================================================================================
DAG File Processing Stats

File Path                                  PID    Runtime      # DAGs    # Errors  Last Runtime    Last Run
-----------------------------------------  -----  ---------  --------  ----------  --------------  -------------------
/opt/airflow/dags/financial_bronze_dag.py                           1           0  0.51s           2026-09-11T21:42:11
================================================================================
[2026-09-11T21:42:42.295+0000] {manager.py:879} INFO - 
================================================================================
DAG File Processing Stats

File Path                                  PID    Runtime      # DAGs    # Errors  Last Runtime    Last Run
-----------------------------------------  -----  ---------  --------  ----------  --------------  -------------------
/opt/airflow/dags/financial_bronze_dag.py                           1           0  0.51s           2026-09-11T21:42:42
================================================================================
[2026-09-11T21:43:12.754+0000] {manager.py:879} INFO - 
================================================================================
DAG File Processing Stats

File Path                                  PID    Runtime      # DAGs    # Errors  Last Runtime    Last Run
-----------------------------------------  -----  ---------  --------  ----------  --------------  -------------------
/opt/airflow/dags/financial_bronze_dag.py                           1           0  0.40s           2026-09-11T21:43:12
================================================================================
[2026-09-11T21:43:43.507+0000] {manager.py:879} INFO - 
================================================================================
DAG File Processing Stats

File Path                                  PID    Runtime      # DAGs    # Errors  Last Runtime    Last Run
-----------------------------------------  -----  ---------  --------  ----------  --------------  -------------------
/opt/airflow/dags/financial_bronze_dag.py                           1           0  0.51s           2026-09-11T21:43:43
================================================================================
[2026-09-11T21:44:14.242+0000] {manager.py:879} INFO - 
================================================================================
DAG File Processing Stats

File Path                                  PID    Runtime      # DAGs    # Errors  Last Runtime    Last Run
-----------------------------------------  -----  ---------  --------  ----------  --------------  -------------------
/opt/airflow/dags/financial_bronze_dag.py                           1           0  0.51s           2026-09-11T21:44:14
================================================================================
[2026-09-11T21:44:45.114+0000] {manager.py:879} INFO - 
================================================================================
DAG File Processing Stats

File Path                                  PID    Runtime      # DAGs    # Errors  Last Runtime    Last Run
-----------------------------------------  -----  ---------  --------  ----------  --------------  -------------------
/opt/airflow/dags/financial_bronze_dag.py                           1           0  0.52s           2026-09-11T21:44:45
================================================================================
[2026-09-11T21:45:16.697+0000] {manager.py:879} INFO - 
================================================================================
DAG File Processing Stats

File Path                                  PID    Runtime      # DAGs    # Errors  Last Runtime    Last Run
-----------------------------------------  -----  ---------  --------  ----------  --------------  -------------------
/opt/airflow/dags/financial_bronze_dag.py                           1           0  0.81s           2026-09-11T21:45:16
================================================================================
[2026-09-11T21:45:34.738+0000] {manager.py:738} INFO - Searching for files in /opt/airflow/dags
[2026-09-11T21:45:34.760+0000] {manager.py:741} INFO - There are 1 files in /opt/airflow/dags
[2026-09-11T21:45:48.255+0000] {manager.py:879} INFO - 
================================================================================
DAG File Processing Stats

File Path                                  PID    Runtime      # DAGs    # Errors  Last Runtime    Last Run
-----------------------------------------  -----  ---------  --------  ----------  --------------  -------------------
/opt/airflow/dags/financial_bronze_dag.py                           1           0  0.71s           2026-09-11T21:45:48
================================================================================
[2026-09-11T21:46:27.575+0000] {manager.py:879} INFO - 
================================================================================
DAG File Processing Stats

File Path                                  PID    Runtime      # DAGs    # Errors  Last Runtime    Last Run
-----------------------------------------  -----  ---------  --------  ----------  --------------  -------------------
/opt/airflow/dags/financial_bronze_dag.py                           1           0  0.51s           2026-09-11T21:46:27
================================================================================
[2026-09-11T21:46:58.691+0000] {manager.py:879} INFO - 
================================================================================
DAG File Processing Stats

File Path                                  PID    Runtime      # DAGs    # Errors  Last Runtime    Last Run
-----------------------------------------  -----  ---------  --------  ----------  --------------  -------------------
/opt/airflow/dags/financial_bronze_dag.py                           1           0  0.51s           2026-09-11T21:46:58
================================================================================
[2026-09-11T21:47:29.665+0000] {manager.py:879} INFO - 
================================================================================
DAG File Processing Stats

File Path                                  PID    Runtime      # DAGs    # Errors  Last Runtime    Last Run
-----------------------------------------  -----  ---------  --------  ----------  --------------  -------------------
/opt/airflow/dags/financial_bronze_dag.py                           1           0  0.51s           2026-09-11T21:47:29
================================================================================
[2026-09-11T21:48:00.683+0000] {manager.py:879} INFO - 
================================================================================
DAG File Processing Stats

File Path                                  PID    Runtime      # DAGs    # Errors  Last Runtime    Last Run
-----------------------------------------  -----  ---------  --------  ----------  --------------  -------------------
/opt/airflow/dags/financial_bronze_dag.py                           1           0  0.71s           2026-09-11T21:48:00
================================================================================
[2026-09-11T21:48:31.585+0000] {manager.py:879} INFO - 
================================================================================
DAG File Processing Stats

File Path                                  PID    Runtime      # DAGs    # Errors  Last Runtime    Last Run
-----------------------------------------  -----  ---------  --------  ----------  --------------  -------------------
/opt/airflow/dags/financial_bronze_dag.py                           1           0  0.81s           2026-09-11T21:48:31
================================================================================
[2026-09-11T21:49:02.543+0000] {manager.py:879} INFO - 
================================================================================
DAG File Processing Stats

File Path                                  PID    Runtime      # DAGs    # Errors  Last Runtime    Last Run
-----------------------------------------  -----  ---------  --------  ----------  --------------  -------------------
/opt/airflow/dags/financial_bronze_dag.py                           1           0  0.72s           2026-09-11T21:49:02
================================================================================
[2026-09-11T21:49:33.431+0000] {manager.py:879} INFO - 
================================================================================
DAG File Processing Stats

File Path                                  PID    Runtime      # DAGs    # Errors  Last Runtime    Last Run
-----------------------------------------  -----  ---------  --------  ----------  --------------  -------------------
/opt/airflow/dags/financial_bronze_dag.py                           1           0  0.62s           2026-09-11T21:49:33
================================================================================
[2026-09-11T21:50:04.236+0000] {manager.py:879} INFO - 
================================================================================
DAG File Processing Stats

File Path                                  PID    Runtime      # DAGs    # Errors  Last Runtime    Last Run
-----------------------------------------  -----  ---------  --------  ----------  --------------  -------------------
/opt/airflow/dags/financial_bronze_dag.py                           1           0  0.51s           2026-09-11T21:50:04
================================================================================
[2026-09-11T21:50:34.963+0000] {manager.py:879} INFO - 
================================================================================
DAG File Processing Stats

File Path                                  PID    Runtime      # DAGs    # Errors  Last Runtime    Last Run
-----------------------------------------  -----  ---------  --------  ----------  --------------  -------------------
/opt/airflow/dags/financial_bronze_dag.py                           1           0  0.51s           2026-09-11T21:50:34
================================================================================
[2026-09-11T21:50:36.110+0000] {manager.py:738} INFO - Searching for files in /opt/airflow/dags
[2026-09-11T21:50:36.130+0000] {manager.py:741} INFO - There are 1 files in /opt/airflow/dags
[2026-09-11T21:51:05.607+0000] {manager.py:879} INFO - 
================================================================================
DAG File Processing Stats

File Path                                  PID    Runtime      # DAGs    # Errors  Last Runtime    Last Run
-----------------------------------------  -----  ---------  --------  ----------  --------------  -------------------
/opt/airflow/dags/financial_bronze_dag.py                           1           0  0.40s           2026-09-11T21:51:05
================================================================================
[2026-09-11T21:51:36.226+0000] {manager.py:879} INFO - 
================================================================================
DAG File Processing Stats

File Path                                  PID    Runtime      # DAGs    # Errors  Last Runtime    Last Run
-----------------------------------------  -----  ---------  --------  ----------  --------------  -------------------
/opt/airflow/dags/financial_bronze_dag.py                           1           0  0.40s           2026-09-11T21:51:36
================================================================================
[2026-09-11T21:52:06.861+0000] {manager.py:879} INFO - 
================================================================================
DAG File Processing Stats

File Path                                  PID    Runtime      # DAGs    # Errors  Last Runtime    Last Run
-----------------------------------------  -----  ---------  --------  ----------  --------------  -------------------
/opt/airflow/dags/financial_bronze_dag.py                           1           0  0.41s           2026-09-11T21:52:06
================================================================================
[2026-09-11T21:52:37.956+0000] {manager.py:879} INFO - 
================================================================================
DAG File Processing Stats

File Path                                  PID    Runtime      # DAGs    # Errors  Last Runtime    Last Run
-----------------------------------------  -----  ---------  --------  ----------  --------------  -------------------
/opt/airflow/dags/financial_bronze_dag.py                           1           0  0.81s           2026-09-11T21:52:37
================================================================================
[2026-09-11T21:53:10.055+0000] {manager.py:879} INFO - 
================================================================================
DAG File Processing Stats

File Path                                  PID    Runtime      # DAGs    # Errors  Last Runtime    Last Run
-----------------------------------------  -----  ---------  --------  ----------  --------------  -------------------
/opt/airflow/dags/financial_bronze_dag.py                           1           0  1.92s           2026-09-11T21:53:10
================================================================================
[2026-09-11T21:55:38.807+0000] {manager.py:469} INFO - Processing files using up to 1 processes at a time 
[2026-09-11T21:55:38.811+0000] {manager.py:470} INFO - Process each file at most once every 30 seconds
[2026-09-11T21:55:38.813+0000] {manager.py:471} INFO - Checking for new files in /opt/airflow/dags every 300 seconds
[2026-09-11T21:55:38.816+0000] {manager.py:738} INFO - Searching for files in /opt/airflow/dags
[2026-09-11T21:55:38.862+0000] {manager.py:741} INFO - There are 1 files in /opt/airflow/dags
[2026-09-11T21:55:45.285+0000] {manager.py:879} INFO - 
================================================================================
DAG File Processing Stats

File Path                                  PID    Runtime      # DAGs    # Errors  Last Runtime    Last Run
-----------------------------------------  -----  ---------  --------  ----------  --------------  -------------------
/opt/airflow/dags/financial_bronze_dag.py                           1           0  1.11s           2026-09-11T21:55:40
================================================================================
[2026-09-11T21:56:16.000+0000] {manager.py:879} INFO - 
================================================================================
DAG File Processing Stats

File Path                                  PID    Runtime      # DAGs    # Errors  Last Runtime    Last Run
-----------------------------------------  -----  ---------  --------  ----------  --------------  -------------------
/opt/airflow/dags/financial_bronze_dag.py                           1           0  0.51s           2026-09-11T21:56:11
================================================================================
[2026-09-11T21:56:47.008+0000] {manager.py:879} INFO - 
================================================================================
DAG File Processing Stats

File Path                                  PID    Runtime      # DAGs    # Errors  Last Runtime    Last Run
-----------------------------------------  -----  ---------  --------  ----------  --------------  -------------------
/opt/airflow/dags/financial_bronze_dag.py                           1           0  0.51s           2026-09-11T21:56:42
================================================================================
[2026-09-11T21:57:17.905+0000] {manager.py:879} INFO - 
================================================================================
DAG File Processing Stats

File Path                                  PID    Runtime      # DAGs    # Errors  Last Runtime    Last Run
-----------------------------------------  -----  ---------  --------  ----------  --------------  -------------------
/opt/airflow/dags/financial_bronze_dag.py                           1           0  1.11s           2026-09-11T21:57:13
================================================================================
[2026-09-11T21:57:48.313+0000] {manager.py:879} INFO - 
================================================================================
DAG File Processing Stats

File Path                                  PID    Runtime      # DAGs    # Errors  Last Runtime    Last Run
-----------------------------------------  -----  ---------  --------  ----------  --------------  -------------------
/opt/airflow/dags/financial_bronze_dag.py                           1           0  0.91s           2026-09-11T21:57:44
================================================================================
[2026-09-11T21:58:18.855+0000] {manager.py:879} INFO - 
================================================================================
DAG File Processing Stats

File Path                                  PID    Runtime      # DAGs    # Errors  Last Runtime    Last Run
-----------------------------------------  -----  ---------  --------  ----------  --------------  -------------------
/opt/airflow/dags/financial_bronze_dag.py                           1           0  1.11s           2026-09-11T21:58:16
================================================================================
[2026-09-11T21:58:48.993+0000] {manager.py:879} INFO - 
================================================================================
DAG File Processing Stats

File Path                                  PID    Runtime      # DAGs    # Errors  Last Runtime    Last Run
-----------------------------------------  -----  ---------  --------  ----------  --------------  -------------------
/opt/airflow/dags/financial_bronze_dag.py                           1           0  0.91s           2026-09-11T21:58:47
================================================================================
[2026-09-11T21:59:20.052+0000] {manager.py:879} INFO - 
================================================================================
DAG File Processing Stats

File Path                                  PID    Runtime      # DAGs    # Errors  Last Runtime    Last Run
-----------------------------------------  -----  ---------  --------  ----------  --------------  -------------------
/opt/airflow/dags/financial_bronze_dag.py                           1           0  0.80s           2026-09-11T21:59:18
================================================================================
[2026-09-11T21:59:50.815+0000] {manager.py:879} INFO - 
================================================================================
DAG File Processing Stats

File Path                                  PID    Runtime      # DAGs    # Errors  Last Runtime    Last Run
-----------------------------------------  -----  ---------  --------  ----------  --------------  -------------------
/opt/airflow/dags/financial_bronze_dag.py                           1           0  0.61s           2026-09-11T21:59:49
================================================================================
[2026-09-11T22:00:21.658+0000] {manager.py:879} INFO - 
================================================================================
DAG File Processing Stats

File Path                                  PID    Runtime      # DAGs    # Errors  Last Runtime    Last Run
-----------------------------------------  -----  ---------  --------  ----------  --------------  -------------------
/opt/airflow/dags/financial_bronze_dag.py                           1           0  0.62s           2026-09-11T22:00:20
================================================================================
[2026-09-11T22:00:39.157+0000] {manager.py:738} INFO - Searching for files in /opt/airflow/dags
[2026-09-11T22:00:39.189+0000] {manager.py:741} INFO - There are 1 files in /opt/airflow/dags
[2026-09-11T22:00:52.455+0000] {manager.py:879} INFO - 
================================================================================
DAG File Processing Stats

File Path                                  PID    Runtime      # DAGs    # Errors  Last Runtime    Last Run
-----------------------------------------  -----  ---------  --------  ----------  --------------  -------------------
/opt/airflow/dags/financial_bronze_dag.py                           1           0  0.61s           2026-09-11T22:00:51
================================================================================
[2026-09-11T22:01:23.297+0000] {manager.py:879} INFO - 
================================================================================
DAG File Processing Stats

File Path                                  PID    Runtime      # DAGs    # Errors  Last Runtime    Last Run
-----------------------------------------  -----  ---------  --------  ----------  --------------  -------------------
/opt/airflow/dags/financial_bronze_dag.py                           1           0  0.61s           2026-09-11T22:01:22
================================================================================
[2026-09-11T22:01:54.376+0000] {manager.py:879} INFO - 
================================================================================
DAG File Processing Stats

File Path                                  PID    Runtime      # DAGs    # Errors  Last Runtime    Last Run
-----------------------------------------  -----  ---------  --------  ----------  --------------  -------------------
/opt/airflow/dags/financial_bronze_dag.py                           1           0  0.61s           2026-09-11T22:01:53
================================================================================
[2026-09-11T22:02:24.868+0000] {manager.py:879} INFO - 
================================================================================
DAG File Processing Stats

File Path                                  PID    Runtime      # DAGs    # Errors  Last Runtime    Last Run
-----------------------------------------  -----  ---------  --------  ----------  --------------  -------------------
/opt/airflow/dags/financial_bronze_dag.py                           1           0  0.71s           2026-09-11T22:02:24
================================================================================
[2026-09-11T22:02:54.880+0000] {manager.py:879} INFO - 
================================================================================
DAG File Processing Stats

File Path                                  PID    Runtime      # DAGs    # Errors  Last Runtime    Last Run
-----------------------------------------  -----  ---------  --------  ----------  --------------  -------------------
/opt/airflow/dags/financial_bronze_dag.py                           1           0  0.51s           2026-09-11T22:02:54
================================================================================
[2026-09-11T22:03:26.005+0000] {manager.py:879} INFO - 
================================================================================
DAG File Processing Stats

File Path                                  PID    Runtime      # DAGs    # Errors  Last Runtime    Last Run
-----------------------------------------  -----  ---------  --------  ----------  --------------  -------------------
/opt/airflow/dags/financial_bronze_dag.py                           1           0  0.61s           2026-09-11T22:03:26
================================================================================
[2026-09-11T22:03:57.491+0000] {manager.py:879} INFO - 
================================================================================
DAG File Processing Stats

File Path                                  PID    Runtime      # DAGs    # Errors  Last Runtime    Last Run
-----------------------------------------  -----  ---------  --------  ----------  --------------  -------------------
/opt/airflow/dags/financial_bronze_dag.py                           1           0  1.11s           2026-09-11T22:03:57
================================================================================
[2026-09-11T22:04:32.045+0000] {manager.py:879} INFO - 
================================================================================
DAG File Processing Stats

File Path                                  PID    Runtime      # DAGs    # Errors  Last Runtime    Last Run
-----------------------------------------  -----  ---------  --------  ----------  --------------  -------------------
/opt/airflow/dags/financial_bronze_dag.py                           1           0  3.63s           2026-09-11T22:04:32
================================================================================
[2026-09-11T22:05:04.184+0000] {manager.py:879} INFO - 
================================================================================
DAG File Processing Stats

File Path                                  PID    Runtime      # DAGs    # Errors  Last Runtime    Last Run
-----------------------------------------  -----  ---------  --------  ----------  --------------  -------------------
/opt/airflow/dags/financial_bronze_dag.py                           1           0  1.48s           2026-09-11T22:05:04
================================================================================
[2026-09-11T22:05:35.217+0000] {manager.py:879} INFO - 
================================================================================
DAG File Processing Stats

File Path                                  PID    Runtime      # DAGs    # Errors  Last Runtime    Last Run
-----------------------------------------  -----  ---------  --------  ----------  --------------  -------------------
/opt/airflow/dags/financial_bronze_dag.py                           1           0  0.71s           2026-09-11T22:05:35
================================================================================
[2026-09-11T22:05:39.391+0000] {manager.py:738} INFO - Searching for files in /opt/airflow/dags
[2026-09-11T22:05:39.414+0000] {manager.py:741} INFO - There are 1 files in /opt/airflow/dags
[2026-09-11T22:06:06.091+0000] {manager.py:879} INFO - 
================================================================================
DAG File Processing Stats

File Path                                  PID    Runtime      # DAGs    # Errors  Last Runtime    Last Run
-----------------------------------------  -----  ---------  --------  ----------  --------------  -------------------
/opt/airflow/dags/financial_bronze_dag.py                           1           0  0.71s           2026-09-11T22:06:06
================================================================================
[2026-09-11T22:06:36.724+0000] {manager.py:879} INFO - 
================================================================================
DAG File Processing Stats

File Path                                  PID    Runtime      # DAGs    # Errors  Last Runtime    Last Run
-----------------------------------------  -----  ---------  --------  ----------  --------------  -------------------
/opt/airflow/dags/financial_bronze_dag.py                           1           0  0.51s           2026-09-11T22:06:36
================================================================================
[2026-09-11T22:07:07.554+0000] {manager.py:879} INFO - 
================================================================================
DAG File Processing Stats

File Path                                  PID    Runtime      # DAGs    # Errors  Last Runtime    Last Run
-----------------------------------------  -----  ---------  --------  ----------  --------------  -------------------
/opt/airflow/dags/financial_bronze_dag.py                           1           0  0.62s           2026-09-11T22:07:07
================================================================================
[2026-09-11T22:07:38.605+0000] {manager.py:879} INFO - 
================================================================================
DAG File Processing Stats

File Path                                  PID    Runtime      # DAGs    # Errors  Last Runtime    Last Run
-----------------------------------------  -----  ---------  --------  ----------  --------------  -------------------
/opt/airflow/dags/financial_bronze_dag.py                           1           0  0.81s           2026-09-11T22:07:38
================================================================================
[2026-09-11T22:08:09.474+0000] {manager.py:879} INFO - 
================================================================================
DAG File Processing Stats

File Path                                  PID    Runtime      # DAGs    # Errors  Last Runtime    Last Run
-----------------------------------------  -----  ---------  --------  ----------  --------------  -------------------
/opt/airflow/dags/financial_bronze_dag.py                           1           0  0.61s           2026-09-11T22:08:09
================================================================================
[2026-09-11T22:08:40.148+0000] {manager.py:879} INFO - 
================================================================================
DAG File Processing Stats

File Path                                  PID    Runtime      # DAGs    # Errors  Last Runtime    Last Run
-----------------------------------------  -----  ---------  --------  ----------  --------------  -------------------
/opt/airflow/dags/financial_bronze_dag.py                           1           0  0.51s           2026-09-11T22:08:40
================================================================================
[2026-09-11T22:09:10.749+0000] {manager.py:879} INFO - 
================================================================================
DAG File Processing Stats

File Path                                  PID    Runtime      # DAGs    # Errors  Last Runtime    Last Run
-----------------------------------------  -----  ---------  --------  ----------  --------------  -------------------
/opt/airflow/dags/financial_bronze_dag.py                           1           0  0.41s           2026-09-11T22:09:10
================================================================================
[2026-09-11T22:09:41.563+0000] {manager.py:879} INFO - 
================================================================================
DAG File Processing Stats

File Path                                  PID    Runtime      # DAGs    # Errors  Last Runtime    Last Run
-----------------------------------------  -----  ---------  --------  ----------  --------------  -------------------
/opt/airflow/dags/financial_bronze_dag.py                           1           0  0.61s           2026-09-11T22:09:41
================================================================================
[2026-09-11T22:10:12.998+0000] {manager.py:879} INFO - 
================================================================================
DAG File Processing Stats

File Path                                  PID    Runtime      # DAGs    # Errors  Last Runtime    Last Run
-----------------------------------------  -----  ---------  --------  ----------  --------------  -------------------
/opt/airflow/dags/financial_bronze_dag.py                           1           0  1.12s           2026-09-11T22:10:12
================================================================================
[2026-09-11T22:10:39.577+0000] {manager.py:738} INFO - Searching for files in /opt/airflow/dags
[2026-09-11T22:10:39.647+0000] {manager.py:741} INFO - There are 1 files in /opt/airflow/dags
[2026-09-11T22:10:43.961+0000] {manager.py:879} INFO - 
================================================================================
DAG File Processing Stats

File Path                                  PID    Runtime      # DAGs    # Errors  Last Runtime    Last Run
-----------------------------------------  -----  ---------  --------  ----------  --------------  -------------------
/opt/airflow/dags/financial_bronze_dag.py                           1           0  0.71s           2026-09-11T22:10:43
================================================================================
[2026-09-11T22:11:15.143+0000] {manager.py:879} INFO - 
================================================================================
DAG File Processing Stats

File Path                                  PID    Runtime      # DAGs    # Errors  Last Runtime    Last Run
-----------------------------------------  -----  ---------  --------  ----------  --------------  -------------------
/opt/airflow/dags/financial_bronze_dag.py                           1           0  0.91s           2026-09-11T22:11:15
================================================================================
[2026-09-11T22:11:45.964+0000] {manager.py:879} INFO - 
================================================================================
DAG File Processing Stats

File Path                                  PID    Runtime      # DAGs    # Errors  Last Runtime    Last Run
-----------------------------------------  -----  ---------  --------  ----------  --------------  -------------------
/opt/airflow/dags/financial_bronze_dag.py                           1           0  0.61s           2026-09-11T22:11:45
================================================================================
[2026-09-11T22:12:16.851+0000] {manager.py:879} INFO - 
================================================================================
DAG File Processing Stats

File Path                                  PID    Runtime      # DAGs    # Errors  Last Runtime    Last Run
-----------------------------------------  -----  ---------  --------  ----------  --------------  -------------------
/opt/airflow/dags/financial_bronze_dag.py                           1           0  0.71s           2026-09-11T22:12:16
================================================================================
[2026-09-11T22:12:47.566+0000] {manager.py:879} INFO - 
================================================================================
DAG File Processing Stats

File Path                                  PID    Runtime      # DAGs    # Errors  Last Runtime    Last Run
-----------------------------------------  -----  ---------  --------  ----------  --------------  -------------------
/opt/airflow/dags/financial_bronze_dag.py                           1           0  0.51s           2026-09-11T22:12:47
================================================================================
[2026-09-11T22:13:18.870+0000] {manager.py:879} INFO - 
================================================================================
DAG File Processing Stats

File Path                                  PID    Runtime      # DAGs    # Errors  Last Runtime    Last Run
-----------------------------------------  -----  ---------  --------  ----------  --------------  -------------------
/opt/airflow/dags/financial_bronze_dag.py                           1           0  1.11s           2026-09-11T22:13:18
================================================================================
[2026-09-11T22:13:49.874+0000] {manager.py:879} INFO - 
================================================================================
DAG File Processing Stats

File Path                                  PID    Runtime      # DAGs    # Errors  Last Runtime    Last Run
-----------------------------------------  -----  ---------  --------  ----------  --------------  -------------------
/opt/airflow/dags/financial_bronze_dag.py                           1           0  0.71s           2026-09-11T22:13:49
================================================================================
[2026-09-11T22:14:21.007+0000] {manager.py:879} INFO - 
================================================================================
DAG File Processing Stats

File Path                                  PID    Runtime      # DAGs    # Errors  Last Runtime    Last Run
-----------------------------------------  -----  ---------  --------  ----------  --------------  -------------------
/opt/airflow/dags/financial_bronze_dag.py                           1           0  0.91s           2026-09-11T22:14:21
================================================================================
[2026-09-11T22:14:52.271+0000] {manager.py:879} INFO - 
================================================================================
DAG File Processing Stats

File Path                                  PID    Runtime      # DAGs    # Errors  Last Runtime    Last Run
-----------------------------------------  -----  ---------  --------  ----------  --------------  -------------------
/opt/airflow/dags/financial_bronze_dag.py                           1           0  1.01s           2026-09-11T22:14:52
================================================================================
[2026-09-11T22:15:23.409+0000] {manager.py:879} INFO - 
================================================================================
DAG File Processing Stats

File Path                                  PID    Runtime      # DAGs    # Errors  Last Runtime    Last Run
-----------------------------------------  -----  ---------  --------  ----------  --------------  -------------------
/opt/airflow/dags/financial_bronze_dag.py                           1           0  0.92s           2026-09-11T22:15:23
================================================================================
[2026-09-11T22:15:39.939+0000] {manager.py:738} INFO - Searching for files in /opt/airflow/dags
[2026-09-11T22:15:39.964+0000] {manager.py:741} INFO - There are 1 files in /opt/airflow/dags
[2026-09-11T22:15:54.533+0000] {manager.py:879} INFO - 
================================================================================
DAG File Processing Stats

File Path                                  PID    Runtime      # DAGs    # Errors  Last Runtime    Last Run
-----------------------------------------  -----  ---------  --------  ----------  --------------  -------------------
/opt/airflow/dags/financial_bronze_dag.py                           1           0  0.82s           2026-09-11T22:15:54
================================================================================
[2026-09-11T22:16:25.392+0000] {manager.py:879} INFO - 
================================================================================
DAG File Processing Stats

File Path                                  PID    Runtime      # DAGs    # Errors  Last Runtime    Last Run
-----------------------------------------  -----  ---------  --------  ----------  --------------  -------------------
/opt/airflow/dags/financial_bronze_dag.py                           1           0  0.61s           2026-09-11T22:16:25
================================================================================
[2026-09-11T22:16:31.570+0000] {manager.py:451} INFO - Exiting gracefully upon receiving signal 15
[2026-09-11T22:17:13.444+0000] {manager.py:469} INFO - Processing files using up to 1 processes at a time 
[2026-09-11T22:17:13.447+0000] {manager.py:470} INFO - Process each file at most once every 30 seconds
[2026-09-11T22:17:13.450+0000] {manager.py:471} INFO - Checking for new files in /opt/airflow/dags every 300 seconds
[2026-09-11T22:17:13.452+0000] {manager.py:738} INFO - Searching for files in /opt/airflow/dags
[2026-09-11T22:17:13.493+0000] {manager.py:741} INFO - There are 1 files in /opt/airflow/dags
[2026-09-11T22:17:16.807+0000] {manager.py:879} INFO - 
================================================================================
DAG File Processing Stats

File Path                                  PID    Runtime      # DAGs    # Errors  Last Runtime    Last Run
-----------------------------------------  -----  ---------  --------  ----------  --------------  -------------------
/opt/airflow/dags/financial_bronze_dag.py                           1           0  2.96s           2026-09-11T22:17:16
================================================================================
[2026-09-11T22:17:54.663+0000] {manager.py:879} INFO - 
================================================================================
DAG File Processing Stats

File Path                                  PID    Runtime      # DAGs    # Errors  Last Runtime    Last Run
-----------------------------------------  -----  ---------  --------  ----------  --------------  -------------------
/opt/airflow/dags/financial_bronze_dag.py                           1           0  5.29s           2026-09-11T22:17:54
================================================================================
[2026-09-11T22:18:28.022+0000] {manager.py:879} INFO - 
================================================================================
DAG File Processing Stats

File Path                                  PID    Runtime      # DAGs    # Errors  Last Runtime    Last Run
-----------------------------------------  -----  ---------  --------  ----------  --------------  -------------------
/opt/airflow/dags/financial_bronze_dag.py                           1           0  2.08s           2026-09-11T22:18:28
================================================================================
[2026-09-11T22:19:06.996+0000] {manager.py:879} INFO - 
================================================================================
DAG File Processing Stats

File Path                                  PID    Runtime      # DAGs    # Errors  Last Runtime    Last Run
-----------------------------------------  -----  ---------  --------  ----------  --------------  -------------------
/opt/airflow/dags/financial_bronze_dag.py                           1           0  1.11s           2026-09-11T22:19:06
================================================================================
[2026-09-11T22:19:38.305+0000] {manager.py:879} INFO - 
================================================================================
DAG File Processing Stats

File Path                                  PID    Runtime      # DAGs    # Errors  Last Runtime    Last Run
-----------------------------------------  -----  ---------  --------  ----------  --------------  -------------------
/opt/airflow/dags/financial_bronze_dag.py                           1           0  0.92s           2026-09-11T22:19:38
================================================================================
[2026-09-11T22:20:09.305+0000] {manager.py:879} INFO - 
================================================================================
DAG File Processing Stats

File Path                                  PID    Runtime      # DAGs    # Errors  Last Runtime    Last Run
-----------------------------------------  -----  ---------  --------  ----------  --------------  -------------------
/opt/airflow/dags/financial_bronze_dag.py                           1           0  0.91s           2026-09-11T22:20:09
================================================================================
[2026-09-11T22:20:46.564+0000] {manager.py:879} INFO - 
================================================================================
DAG File Processing Stats

File Path                                  PID    Runtime      # DAGs    # Errors  Last Runtime    Last Run
-----------------------------------------  -----  ---------  --------  ----------  --------------  -------------------
/opt/airflow/dags/financial_bronze_dag.py                           1           0  1.11s           2026-09-11T22:20:46
================================================================================
[2026-09-11T22:21:30.195+0000] {manager.py:879} INFO - 
================================================================================
DAG File Processing Stats

File Path                                  PID    Runtime      # DAGs    # Errors  Last Runtime    Last Run
-----------------------------------------  -----  ---------  --------  ----------  --------------  -------------------
/opt/airflow/dags/financial_bronze_dag.py                           1           0  0.81s           2026-09-11T22:21:30
================================================================================
[2026-09-11T22:22:01.000+0000] {manager.py:879} INFO - 
================================================================================
DAG File Processing Stats

File Path                                  PID    Runtime      # DAGs    # Errors  Last Runtime    Last Run
-----------------------------------------  -----  ---------  --------  ----------  --------------  -------------------
/opt/airflow/dags/financial_bronze_dag.py                           1           0  0.61s           2026-09-11T22:22:00
================================================================================
[2026-09-11T22:22:14.371+0000] {manager.py:738} INFO - Searching for files in /opt/airflow/dags
[2026-09-11T22:22:14.396+0000] {manager.py:741} INFO - There are 1 files in /opt/airflow/dags
[2026-09-11T22:22:31.926+0000] {manager.py:879} INFO - 
================================================================================
DAG File Processing Stats

File Path                                  PID    Runtime      # DAGs    # Errors  Last Runtime    Last Run
-----------------------------------------  -----  ---------  --------  ----------  --------------  -------------------
/opt/airflow/dags/financial_bronze_dag.py                           1           0  0.61s           2026-09-11T22:22:31
================================================================================
[2026-09-11T22:23:02.581+0000] {manager.py:879} INFO - 
================================================================================
DAG File Processing Stats

File Path                                  PID    Runtime      # DAGs    # Errors  Last Runtime    Last Run
-----------------------------------------  -----  ---------  --------  ----------  --------------  -------------------
/opt/airflow/dags/financial_bronze_dag.py                           1           0  0.62s           2026-09-11T22:23:02
================================================================================
[2026-09-11T22:23:33.458+0000] {manager.py:879} INFO - 
================================================================================
DAG File Processing Stats

File Path                                  PID    Runtime      # DAGs    # Errors  Last Runtime    Last Run
-----------------------------------------  -----  ---------  --------  ----------  --------------  -------------------
/opt/airflow/dags/financial_bronze_dag.py                           1           0  0.61s           2026-09-11T22:23:33
================================================================================
[2026-09-11T22:24:04.236+0000] {manager.py:879} INFO - 
================================================================================
DAG File Processing Stats

File Path                                  PID    Runtime      # DAGs    # Errors  Last Runtime    Last Run
-----------------------------------------  -----  ---------  --------  ----------  --------------  -------------------
/opt/airflow/dags/financial_bronze_dag.py                           1           0  0.51s           2026-09-11T22:24:04
================================================================================
[2026-09-11T22:24:34.905+0000] {manager.py:879} INFO - 
================================================================================
DAG File Processing Stats

File Path                                  PID    Runtime      # DAGs    # Errors  Last Runtime    Last Run
-----------------------------------------  -----  ---------  --------  ----------  --------------  -------------------
/opt/airflow/dags/financial_bronze_dag.py                           1           0  0.41s           2026-09-11T22:24:34
================================================================================
[2026-09-11T22:25:05.786+0000] {manager.py:879} INFO - 
================================================================================
DAG File Processing Stats

File Path                                  PID    Runtime      # DAGs    # Errors  Last Runtime    Last Run
-----------------------------------------  -----  ---------  --------  ----------  --------------  -------------------
/opt/airflow/dags/financial_bronze_dag.py                           1           0  0.61s           2026-09-11T22:25:05
================================================================================
[2026-09-11T22:25:36.907+0000] {manager.py:879} INFO - 
================================================================================
DAG File Processing Stats

File Path                                  PID    Runtime      # DAGs    # Errors  Last Runtime    Last Run
-----------------------------------------  -----  ---------  --------  ----------  --------------  -------------------
/opt/airflow/dags/financial_bronze_dag.py                           1           0  0.81s           2026-09-11T22:25:36
================================================================================
[2026-09-11T22:26:07.741+0000] {manager.py:879} INFO - 
================================================================================
DAG File Processing Stats

File Path                                  PID    Runtime      # DAGs    # Errors  Last Runtime    Last Run
-----------------------------------------  -----  ---------  --------  ----------  --------------  -------------------
/opt/airflow/dags/financial_bronze_dag.py                           1           0  0.61s           2026-09-11T22:26:07
================================================================================
[2026-09-11T22:26:38.512+0000] {manager.py:879} INFO - 
================================================================================
DAG File Processing Stats

File Path                                  PID    Runtime      # DAGs    # Errors  Last Runtime    Last Run
-----------------------------------------  -----  ---------  --------  ----------  --------------  -------------------
/opt/airflow/dags/financial_bronze_dag.py                           1           0  0.71s           2026-09-11T22:26:38
================================================================================
[2026-09-11T22:27:09.323+0000] {manager.py:879} INFO - 
================================================================================
DAG File Processing Stats

File Path                                  PID    Runtime      # DAGs    # Errors  Last Runtime    Last Run
-----------------------------------------  -----  ---------  --------  ----------  --------------  -------------------
/opt/airflow/dags/financial_bronze_dag.py                           1           0  0.51s           2026-09-11T22:27:09
================================================================================
[2026-09-11T22:27:14.449+0000] {manager.py:738} INFO - Searching for files in /opt/airflow/dags
[2026-09-11T22:27:14.466+0000] {manager.py:741} INFO - There are 1 files in /opt/airflow/dags
[2026-09-11T22:27:40.252+0000] {manager.py:879} INFO - 
================================================================================
DAG File Processing Stats

File Path                                  PID    Runtime      # DAGs    # Errors  Last Runtime    Last Run
-----------------------------------------  -----  ---------  --------  ----------  --------------  -------------------
/opt/airflow/dags/financial_bronze_dag.py                           1           0  0.72s           2026-09-11T22:27:40
================================================================================
[2026-09-11T22:28:10.817+0000] {manager.py:879} INFO - 
================================================================================
DAG File Processing Stats

File Path                                  PID    Runtime      # DAGs    # Errors  Last Runtime    Last Run
-----------------------------------------  -----  ---------  --------  ----------  --------------  -------------------
/opt/airflow/dags/financial_bronze_dag.py                           1           0  0.51s           2026-09-11T22:28:10
================================================================================
[2026-09-11T22:28:41.499+0000] {manager.py:879} INFO - 
================================================================================
DAG File Processing Stats

File Path                                  PID    Runtime      # DAGs    # Errors  Last Runtime    Last Run
-----------------------------------------  -----  ---------  --------  ----------  --------------  -------------------
/opt/airflow/dags/financial_bronze_dag.py                           1           0  0.51s           2026-09-11T22:28:41
================================================================================
[2026-09-11T22:29:12.262+0000] {manager.py:879} INFO - 
================================================================================
DAG File Processing Stats

File Path                                  PID    Runtime      # DAGs    # Errors  Last Runtime    Last Run
-----------------------------------------  -----  ---------  --------  ----------  --------------  -------------------
/opt/airflow/dags/financial_bronze_dag.py                           1           0  0.51s           2026-09-11T22:29:12
================================================================================
[2026-09-11T22:29:43.182+0000] {manager.py:879} INFO - 
================================================================================
DAG File Processing Stats

File Path                                  PID    Runtime      # DAGs    # Errors  Last Runtime    Last Run
-----------------------------------------  -----  ---------  --------  ----------  --------------  -------------------
/opt/airflow/dags/financial_bronze_dag.py                           1           0  0.61s           2026-09-11T22:29:43
================================================================================
[2026-09-11T22:30:14.092+0000] {manager.py:879} INFO - 
================================================================================
DAG File Processing Stats

File Path                                  PID    Runtime      # DAGs    # Errors  Last Runtime    Last Run
-----------------------------------------  -----  ---------  --------  ----------  --------------  -------------------
/opt/airflow/dags/financial_bronze_dag.py                           1           0  0.61s           2026-09-11T22:30:14
================================================================================
[2026-09-11T22:30:44.927+0000] {manager.py:879} INFO - 
================================================================================
DAG File Processing Stats

File Path                                  PID    Runtime      # DAGs    # Errors  Last Runtime    Last Run
-----------------------------------------  -----  ---------  --------  ----------  --------------  -------------------
/opt/airflow/dags/financial_bronze_dag.py                           1           0  0.61s           2026-09-11T22:30:44
================================================================================
[2026-09-11T22:31:15.895+0000] {manager.py:879} INFO - 
================================================================================
DAG File Processing Stats

File Path                                  PID    Runtime      # DAGs    # Errors  Last Runtime    Last Run
-----------------------------------------  -----  ---------  --------  ----------  --------------  -------------------
/opt/airflow/dags/financial_bronze_dag.py                           1           0  0.71s           2026-09-11T22:31:15
================================================================================
[2026-09-11T22:31:46.991+0000] {manager.py:879} INFO - 
================================================================================
DAG File Processing Stats

File Path                                  PID    Runtime      # DAGs    # Errors  Last Runtime    Last Run
-----------------------------------------  -----  ---------  --------  ----------  --------------  -------------------
/opt/airflow/dags/financial_bronze_dag.py                           1           0  0.71s           2026-09-11T22:31:46
================================================================================
[2026-09-11T22:32:14.541+0000] {manager.py:738} INFO - Searching for files in /opt/airflow/dags
[2026-09-11T22:32:14.571+0000] {manager.py:741} INFO - There are 1 files in /opt/airflow/dags
[2026-09-11T22:32:18.051+0000] {manager.py:879} INFO - 
================================================================================
DAG File Processing Stats

File Path                                  PID    Runtime      # DAGs    # Errors  Last Runtime    Last Run
-----------------------------------------  -----  ---------  --------  ----------  --------------  -------------------
/opt/airflow/dags/financial_bronze_dag.py                           1           0  0.62s           2026-09-11T22:32:18
================================================================================
[2026-09-11T22:32:49.095+0000] {manager.py:879} INFO - 
================================================================================
DAG File Processing Stats

File Path                                  PID    Runtime      # DAGs    # Errors  Last Runtime    Last Run
-----------------------------------------  -----  ---------  --------  ----------  --------------  -------------------
/opt/airflow/dags/financial_bronze_dag.py                           1           0  0.61s           2026-09-11T22:32:49
================================================================================
[2026-09-11T22:33:20.003+0000] {manager.py:879} INFO - 
================================================================================
DAG File Processing Stats

File Path                                  PID    Runtime      # DAGs    # Errors  Last Runtime    Last Run
-----------------------------------------  -----  ---------  --------  ----------  --------------  -------------------
/opt/airflow/dags/financial_bronze_dag.py                           1           0  0.61s           2026-09-11T22:33:20
================================================================================
[2026-09-11T22:33:50.772+0000] {manager.py:879} INFO - 
================================================================================
DAG File Processing Stats

File Path                                  PID    Runtime      # DAGs    # Errors  Last Runtime    Last Run
-----------------------------------------  -----  ---------  --------  ----------  --------------  -------------------
/opt/airflow/dags/financial_bronze_dag.py                           1           0  0.51s           2026-09-11T22:33:50
================================================================================
[2026-09-11T22:34:21.568+0000] {manager.py:879} INFO - 
================================================================================
DAG File Processing Stats

File Path                                  PID    Runtime      # DAGs    # Errors  Last Runtime    Last Run
-----------------------------------------  -----  ---------  --------  ----------  --------------  -------------------
/opt/airflow/dags/financial_bronze_dag.py                           1           0  0.61s           2026-09-11T22:34:21
================================================================================
[2026-09-11T22:34:52.390+0000] {manager.py:879} INFO - 
================================================================================
DAG File Processing Stats

File Path                                  PID    Runtime      # DAGs    # Errors  Last Runtime    Last Run
-----------------------------------------  -----  ---------  --------  ----------  --------------  -------------------
/opt/airflow/dags/financial_bronze_dag.py                           1           0  0.61s           2026-09-11T22:34:52
================================================================================
[2026-09-11T22:35:23.277+0000] {manager.py:879} INFO - 
================================================================================
DAG File Processing Stats

File Path                                  PID    Runtime      # DAGs    # Errors  Last Runtime    Last Run
-----------------------------------------  -----  ---------  --------  ----------  --------------  -------------------
/opt/airflow/dags/financial_bronze_dag.py                           1           0  0.61s           2026-09-11T22:35:23
================================================================================
[2026-09-11T22:35:53.826+0000] {manager.py:879} INFO - 
================================================================================
DAG File Processing Stats

File Path                                  PID    Runtime      # DAGs    # Errors  Last Runtime    Last Run
-----------------------------------------  -----  ---------  --------  ----------  --------------  -------------------
/opt/airflow/dags/financial_bronze_dag.py                           1           0  0.51s           2026-09-11T22:35:53
================================================================================
[2026-09-11T22:36:24.619+0000] {manager.py:879} INFO - 
================================================================================
DAG File Processing Stats

File Path                                  PID    Runtime      # DAGs    # Errors  Last Runtime    Last Run
-----------------------------------------  -----  ---------  --------  ----------  --------------  -------------------
/opt/airflow/dags/financial_bronze_dag.py                           1           0  0.61s           2026-09-11T22:36:24
================================================================================
[2026-09-11T22:36:55.451+0000] {manager.py:879} INFO - 
================================================================================
DAG File Processing Stats

File Path                                  PID    Runtime      # DAGs    # Errors  Last Runtime    Last Run
-----------------------------------------  -----  ---------  --------  ----------  --------------  -------------------
/opt/airflow/dags/financial_bronze_dag.py                           1           0  0.61s           2026-09-11T22:36:55
================================================================================
[2026-09-11T22:37:14.617+0000] {manager.py:738} INFO - Searching for files in /opt/airflow/dags
[2026-09-11T22:37:14.643+0000] {manager.py:741} INFO - There are 1 files in /opt/airflow/dags
[2026-09-11T22:37:26.311+0000] {manager.py:879} INFO - 
================================================================================
DAG File Processing Stats

File Path                                  PID    Runtime      # DAGs    # Errors  Last Runtime    Last Run
-----------------------------------------  -----  ---------  --------  ----------  --------------  -------------------
/opt/airflow/dags/financial_bronze_dag.py                           1           0  0.63s           2026-09-11T22:37:26
================================================================================
[2026-09-11T22:37:57.114+0000] {manager.py:879} INFO - 
================================================================================
DAG File Processing Stats

File Path                                  PID    Runtime      # DAGs    # Errors  Last Runtime    Last Run
-----------------------------------------  -----  ---------  --------  ----------  --------------  -------------------
/opt/airflow/dags/financial_bronze_dag.py                           1           0  0.61s           2026-09-11T22:37:57
================================================================================
[2026-09-11T22:38:27.913+0000] {manager.py:879} INFO - 
================================================================================
DAG File Processing Stats

File Path                                  PID    Runtime      # DAGs    # Errors  Last Runtime    Last Run
-----------------------------------------  -----  ---------  --------  ----------  --------------  -------------------
/opt/airflow/dags/financial_bronze_dag.py                           1           0  0.61s           2026-09-11T22:38:27
================================================================================
[2026-09-11T22:38:59.031+0000] {manager.py:879} INFO - 
================================================================================
DAG File Processing Stats

File Path                                  PID    Runtime      # DAGs    # Errors  Last Runtime    Last Run
-----------------------------------------  -----  ---------  --------  ----------  --------------  -------------------
/opt/airflow/dags/financial_bronze_dag.py                           1           0  0.81s           2026-09-11T22:38:59
================================================================================
[2026-09-11T22:39:29.779+0000] {manager.py:879} INFO - 
================================================================================
DAG File Processing Stats

File Path                                  PID    Runtime      # DAGs    # Errors  Last Runtime    Last Run
-----------------------------------------  -----  ---------  --------  ----------  --------------  -------------------
/opt/airflow/dags/financial_bronze_dag.py                           1           0  0.61s           2026-09-11T22:39:29
================================================================================
[2026-09-11T22:40:00.444+0000] {manager.py:879} INFO - 
================================================================================
DAG File Processing Stats

File Path                                  PID    Runtime      # DAGs    # Errors  Last Runtime    Last Run
-----------------------------------------  -----  ---------  --------  ----------  --------------  -------------------
/opt/airflow/dags/financial_bronze_dag.py                           1           0  0.51s           2026-09-11T22:40:00
================================================================================
[2026-09-11T22:40:31.142+0000] {manager.py:879} INFO - 
================================================================================
DAG File Processing Stats

File Path                                  PID    Runtime      # DAGs    # Errors  Last Runtime    Last Run
-----------------------------------------  -----  ---------  --------  ----------  --------------  -------------------
/opt/airflow/dags/financial_bronze_dag.py                           1           0  0.51s           2026-09-11T22:40:31
================================================================================
[2026-09-11T22:41:01.824+0000] {manager.py:879} INFO - 
================================================================================
DAG File Processing Stats

File Path                                  PID    Runtime      # DAGs    # Errors  Last Runtime    Last Run
-----------------------------------------  -----  ---------  --------  ----------  --------------  -------------------
/opt/airflow/dags/financial_bronze_dag.py                           1           0  0.51s           2026-09-11T22:41:01
================================================================================
[2026-09-11T22:41:32.724+0000] {manager.py:879} INFO - 
================================================================================
DAG File Processing Stats

File Path                                  PID    Runtime      # DAGs    # Errors  Last Runtime    Last Run
-----------------------------------------  -----  ---------  --------  ----------  --------------  -------------------
/opt/airflow/dags/financial_bronze_dag.py                           1           0  0.71s           2026-09-11T22:41:32
================================================================================
[2026-09-11T22:42:03.403+0000] {manager.py:879} INFO - 
================================================================================
DAG File Processing Stats

File Path                                  PID    Runtime      # DAGs    # Errors  Last Runtime    Last Run
-----------------------------------------  -----  ---------  --------  ----------  --------------  -------------------
/opt/airflow/dags/financial_bronze_dag.py                           1           0  0.61s           2026-09-11T22:42:03
================================================================================
[2026-09-11T22:42:14.695+0000] {manager.py:738} INFO - Searching for files in /opt/airflow/dags
[2026-09-11T22:42:14.756+0000] {manager.py:741} INFO - There are 1 files in /opt/airflow/dags
[2026-09-11T22:42:34.320+0000] {manager.py:879} INFO - 
================================================================================
DAG File Processing Stats

File Path                                  PID    Runtime      # DAGs    # Errors  Last Runtime    Last Run
-----------------------------------------  -----  ---------  --------  ----------  --------------  -------------------
/opt/airflow/dags/financial_bronze_dag.py                           1           0  0.72s           2026-09-11T22:42:34
================================================================================
[2026-09-11T22:43:04.990+0000] {manager.py:879} INFO - 
================================================================================
DAG File Processing Stats

File Path                                  PID    Runtime      # DAGs    # Errors  Last Runtime    Last Run
-----------------------------------------  -----  ---------  --------  ----------  --------------  -------------------
/opt/airflow/dags/financial_bronze_dag.py                           1           0  0.52s           2026-09-11T22:43:04
================================================================================
[2026-09-11T22:43:35.996+0000] {manager.py:879} INFO - 
================================================================================
DAG File Processing Stats

File Path                                  PID    Runtime      # DAGs    # Errors  Last Runtime    Last Run
-----------------------------------------  -----  ---------  --------  ----------  --------------  -------------------
/opt/airflow/dags/financial_bronze_dag.py                           1           0  0.81s           2026-09-11T22:43:35
================================================================================
[2026-09-11T22:44:07.123+0000] {manager.py:879} INFO - 
================================================================================
DAG File Processing Stats

File Path                                  PID    Runtime      # DAGs    # Errors  Last Runtime    Last Run
-----------------------------------------  -----  ---------  --------  ----------  --------------  -------------------
/opt/airflow/dags/financial_bronze_dag.py                           1           0  0.91s           2026-09-11T22:44:07
================================================================================
[2026-09-11T22:44:37.932+0000] {manager.py:879} INFO - 
================================================================================
DAG File Processing Stats

File Path                                  PID    Runtime      # DAGs    # Errors  Last Runtime    Last Run
-----------------------------------------  -----  ---------  --------  ----------  --------------  -------------------
/opt/airflow/dags/financial_bronze_dag.py                           1           0  0.62s           2026-09-11T22:44:37
================================================================================
[2026-09-11T22:45:08.751+0000] {manager.py:879} INFO - 
================================================================================
DAG File Processing Stats

File Path                                  PID    Runtime      # DAGs    # Errors  Last Runtime    Last Run
-----------------------------------------  -----  ---------  --------  ----------  --------------  -------------------
/opt/airflow/dags/financial_bronze_dag.py                           1           0  0.61s           2026-09-11T22:45:08
================================================================================
[2026-09-11T22:45:39.953+0000] {manager.py:879} INFO - 
================================================================================
DAG File Processing Stats

File Path                                  PID    Runtime      # DAGs    # Errors  Last Runtime    Last Run
-----------------------------------------  -----  ---------  --------  ----------  --------------  -------------------
/opt/airflow/dags/financial_bronze_dag.py                           1           0  0.92s           2026-09-11T22:45:39
================================================================================
[2026-09-11T22:46:10.935+0000] {manager.py:879} INFO - 
================================================================================
DAG File Processing Stats

File Path                                  PID    Runtime      # DAGs    # Errors  Last Runtime    Last Run
-----------------------------------------  -----  ---------  --------  ----------  --------------  -------------------
/opt/airflow/dags/financial_bronze_dag.py                           1           0  0.72s           2026-09-11T22:46:10
================================================================================
[2026-09-11T22:46:41.693+0000] {manager.py:879} INFO - 
================================================================================
DAG File Processing Stats

File Path                                  PID    Runtime      # DAGs    # Errors  Last Runtime    Last Run
-----------------------------------------  -----  ---------  --------  ----------  --------------  -------------------
/opt/airflow/dags/financial_bronze_dag.py                           1           0  0.51s           2026-09-11T22:46:41
================================================================================
[2026-09-11T22:47:12.387+0000] {manager.py:879} INFO - 
================================================================================
DAG File Processing Stats

File Path                                  PID    Runtime      # DAGs    # Errors  Last Runtime    Last Run
-----------------------------------------  -----  ---------  --------  ----------  --------------  -------------------
/opt/airflow/dags/financial_bronze_dag.py                           1           0  0.52s           2026-09-11T22:47:12
================================================================================
[2026-09-11T22:47:15.468+0000] {manager.py:738} INFO - Searching for files in /opt/airflow/dags
[2026-09-11T22:47:15.488+0000] {manager.py:741} INFO - There are 1 files in /opt/airflow/dags
[2026-09-11T22:47:43.410+0000] {manager.py:879} INFO - 
================================================================================
DAG File Processing Stats

File Path                                  PID    Runtime      # DAGs    # Errors  Last Runtime    Last Run
-----------------------------------------  -----  ---------  --------  ----------  --------------  -------------------
/opt/airflow/dags/financial_bronze_dag.py                           1           0  0.71s           2026-09-11T22:47:43
================================================================================
[2026-09-11T22:48:14.124+0000] {manager.py:879} INFO - 
================================================================================
DAG File Processing Stats

File Path                                  PID    Runtime      # DAGs    # Errors  Last Runtime    Last Run
-----------------------------------------  -----  ---------  --------  ----------  --------------  -------------------
/opt/airflow/dags/financial_bronze_dag.py                           1           0  0.51s           2026-09-11T22:48:14
================================================================================
[2026-09-11T22:48:44.797+0000] {manager.py:879} INFO - 
================================================================================
DAG File Processing Stats

File Path                                  PID    Runtime      # DAGs    # Errors  Last Runtime    Last Run
-----------------------------------------  -----  ---------  --------  ----------  --------------  -------------------
/opt/airflow/dags/financial_bronze_dag.py                           1           0  0.51s           2026-09-11T22:48:44
================================================================================
[2026-09-11T22:49:15.605+0000] {manager.py:879} INFO - 
================================================================================
DAG File Processing Stats

File Path                                  PID    Runtime      # DAGs    # Errors  Last Runtime    Last Run
-----------------------------------------  -----  ---------  --------  ----------  --------------  -------------------
/opt/airflow/dags/financial_bronze_dag.py                           1           0  0.62s           2026-09-11T22:49:15
================================================================================
[2026-09-11T22:49:46.567+0000] {manager.py:879} INFO - 
================================================================================
DAG File Processing Stats

File Path                                  PID    Runtime      # DAGs    # Errors  Last Runtime    Last Run
-----------------------------------------  -----  ---------  --------  ----------  --------------  -------------------
/opt/airflow/dags/financial_bronze_dag.py                           1           0  0.71s           2026-09-11T22:49:46
================================================================================
[2026-09-11T22:50:17.410+0000] {manager.py:879} INFO - 
================================================================================
DAG File Processing Stats

File Path                                  PID    Runtime      # DAGs    # Errors  Last Runtime    Last Run
-----------------------------------------  -----  ---------  --------  ----------  --------------  -------------------
/opt/airflow/dags/financial_bronze_dag.py                           1           0  0.51s           2026-09-11T22:50:17
================================================================================
[2026-09-11T22:50:48.101+0000] {manager.py:879} INFO - 
================================================================================
DAG File Processing Stats

File Path                                  PID    Runtime      # DAGs    # Errors  Last Runtime    Last Run
-----------------------------------------  -----  ---------  --------  ----------  --------------  -------------------
/opt/airflow/dags/financial_bronze_dag.py                           1           0  0.52s           2026-09-11T22:50:48
================================================================================
[2026-09-11T22:51:18.833+0000] {manager.py:879} INFO - 
================================================================================
DAG File Processing Stats

File Path                                  PID    Runtime      # DAGs    # Errors  Last Runtime    Last Run
-----------------------------------------  -----  ---------  --------  ----------  --------------  -------------------
/opt/airflow/dags/financial_bronze_dag.py                           1           0  0.53s           2026-09-11T22:51:18
================================================================================
[2026-09-11T22:51:49.515+0000] {manager.py:879} INFO - 
================================================================================
DAG File Processing Stats

File Path                                  PID    Runtime      # DAGs    # Errors  Last Runtime    Last Run
-----------------------------------------  -----  ---------  --------  ----------  --------------  -------------------
/opt/airflow/dags/financial_bronze_dag.py                           1           0  0.51s           2026-09-11T22:51:49
================================================================================
[2026-09-11T22:52:15.922+0000] {manager.py:738} INFO - Searching for files in /opt/airflow/dags
[2026-09-11T22:52:15.942+0000] {manager.py:741} INFO - There are 1 files in /opt/airflow/dags
[2026-09-11T22:52:20.198+0000] {manager.py:879} INFO - 
================================================================================
DAG File Processing Stats

File Path                                  PID    Runtime      # DAGs    # Errors  Last Runtime    Last Run
-----------------------------------------  -----  ---------  --------  ----------  --------------  -------------------
/opt/airflow/dags/financial_bronze_dag.py                           1           0  0.51s           2026-09-11T22:52:20
================================================================================
[2026-09-11T22:52:51.057+0000] {manager.py:879} INFO - 
================================================================================
DAG File Processing Stats

File Path                                  PID    Runtime      # DAGs    # Errors  Last Runtime    Last Run
-----------------------------------------  -----  ---------  --------  ----------  --------------  -------------------
/opt/airflow/dags/financial_bronze_dag.py                           1           0  0.63s           2026-09-11T22:52:51
================================================================================
[2026-09-11T22:53:21.767+0000] {manager.py:879} INFO - 
================================================================================
DAG File Processing Stats

File Path                                  PID    Runtime      # DAGs    # Errors  Last Runtime    Last Run
-----------------------------------------  -----  ---------  --------  ----------  --------------  -------------------
/opt/airflow/dags/financial_bronze_dag.py                           1           0  0.51s           2026-09-11T22:53:21
================================================================================
[2026-09-11T22:53:52.492+0000] {manager.py:879} INFO - 
================================================================================
DAG File Processing Stats

File Path                                  PID    Runtime      # DAGs    # Errors  Last Runtime    Last Run
-----------------------------------------  -----  ---------  --------  ----------  --------------  -------------------
/opt/airflow/dags/financial_bronze_dag.py                           1           0  0.51s           2026-09-11T22:53:52
================================================================================
[2026-09-11T22:54:23.305+0000] {manager.py:879} INFO - 
================================================================================
DAG File Processing Stats

File Path                                  PID    Runtime      # DAGs    # Errors  Last Runtime    Last Run
-----------------------------------------  -----  ---------  --------  ----------  --------------  -------------------
/opt/airflow/dags/financial_bronze_dag.py                           1           0  0.61s           2026-09-11T22:54:23
================================================================================
[2026-09-11T22:54:54.014+0000] {manager.py:879} INFO - 
================================================================================
DAG File Processing Stats

File Path                                  PID    Runtime      # DAGs    # Errors  Last Runtime    Last Run
-----------------------------------------  -----  ---------  --------  ----------  --------------  -------------------
/opt/airflow/dags/financial_bronze_dag.py                           1           0  0.51s           2026-09-11T22:54:54
================================================================================
[2026-09-11T22:55:24.825+0000] {manager.py:879} INFO - 
================================================================================
DAG File Processing Stats

File Path                                  PID    Runtime      # DAGs    # Errors  Last Runtime    Last Run
-----------------------------------------  -----  ---------  --------  ----------  --------------  -------------------
/opt/airflow/dags/financial_bronze_dag.py                           1           0  0.61s           2026-09-11T22:55:24
================================================================================
[2026-09-11T22:55:55.594+0000] {manager.py:879} INFO - 
================================================================================
DAG File Processing Stats

File Path                                  PID    Runtime      # DAGs    # Errors  Last Runtime    Last Run
-----------------------------------------  -----  ---------  --------  ----------  --------------  -------------------
/opt/airflow/dags/financial_bronze_dag.py                           1           0  0.51s           2026-09-11T22:55:55
================================================================================
[2026-09-11T22:56:26.180+0000] {manager.py:879} INFO - 
================================================================================
DAG File Processing Stats

File Path                                  PID    Runtime      # DAGs    # Errors  Last Runtime    Last Run
-----------------------------------------  -----  ---------  --------  ----------  --------------  -------------------
/opt/airflow/dags/financial_bronze_dag.py                           1           0  0.42s           2026-09-11T22:56:26
================================================================================
[2026-09-11T22:56:56.845+0000] {manager.py:879} INFO - 
================================================================================
DAG File Processing Stats

File Path                                  PID    Runtime      # DAGs    # Errors  Last Runtime    Last Run
-----------------------------------------  -----  ---------  --------  ----------  --------------  -------------------
/opt/airflow/dags/financial_bronze_dag.py                           1           0  0.51s           2026-09-11T22:56:56
================================================================================
[2026-09-11T22:57:16.179+0000] {manager.py:738} INFO - Searching for files in /opt/airflow/dags
[2026-09-11T22:57:16.196+0000] {manager.py:741} INFO - There are 1 files in /opt/airflow/dags
[2026-09-11T22:57:27.679+0000] {manager.py:879} INFO - 
================================================================================
DAG File Processing Stats

File Path                                  PID    Runtime      # DAGs    # Errors  Last Runtime    Last Run
-----------------------------------------  -----  ---------  --------  ----------  --------------  -------------------
/opt/airflow/dags/financial_bronze_dag.py                           1           0  0.61s           2026-09-11T22:57:27
================================================================================
[2026-09-11T22:57:58.549+0000] {manager.py:879} INFO - 
================================================================================
DAG File Processing Stats

File Path                                  PID    Runtime      # DAGs    # Errors  Last Runtime    Last Run
-----------------------------------------  -----  ---------  --------  ----------  --------------  -------------------
/opt/airflow/dags/financial_bronze_dag.py                           1           0  0.61s           2026-09-11T22:57:58
================================================================================
[2026-09-11T22:58:29.716+0000] {manager.py:879} INFO - 
================================================================================
DAG File Processing Stats

File Path                                  PID    Runtime      # DAGs    # Errors  Last Runtime    Last Run
-----------------------------------------  -----  ---------  --------  ----------  --------------  -------------------
/opt/airflow/dags/financial_bronze_dag.py                           1           0  0.81s           2026-09-11T22:58:29
================================================================================
[2026-09-11T22:59:00.383+0000] {manager.py:879} INFO - 
================================================================================
DAG File Processing Stats

File Path                                  PID    Runtime      # DAGs    # Errors  Last Runtime    Last Run
-----------------------------------------  -----  ---------  --------  ----------  --------------  -------------------
/opt/airflow/dags/financial_bronze_dag.py                           1           0  0.52s           2026-09-11T22:59:00
================================================================================
[2026-09-11T22:59:31.067+0000] {manager.py:879} INFO - 
================================================================================
DAG File Processing Stats

File Path                                  PID    Runtime      # DAGs    # Errors  Last Runtime    Last Run
-----------------------------------------  -----  ---------  --------  ----------  --------------  -------------------
/opt/airflow/dags/financial_bronze_dag.py                           1           0  0.51s           2026-09-11T22:59:31
================================================================================
[2026-09-11T23:00:01.756+0000] {manager.py:879} INFO - 
================================================================================
DAG File Processing Stats

File Path                                  PID    Runtime      # DAGs    # Errors  Last Runtime    Last Run
-----------------------------------------  -----  ---------  --------  ----------  --------------  -------------------
/opt/airflow/dags/financial_bronze_dag.py                           1           0  0.51s           2026-09-11T23:00:01
================================================================================
[2026-09-11T23:00:32.656+0000] {manager.py:879} INFO - 
================================================================================
DAG File Processing Stats

File Path                                  PID    Runtime      # DAGs    # Errors  Last Runtime    Last Run
-----------------------------------------  -----  ---------  --------  ----------  --------------  -------------------
/opt/airflow/dags/financial_bronze_dag.py                           1           0  0.71s           2026-09-11T23:00:32
================================================================================
[2026-09-11T23:01:03.438+0000] {manager.py:879} INFO - 
================================================================================
DAG File Processing Stats

File Path                                  PID    Runtime      # DAGs    # Errors  Last Runtime    Last Run
-----------------------------------------  -----  ---------  --------  ----------  --------------  -------------------
/opt/airflow/dags/financial_bronze_dag.py                           1           0  0.51s           2026-09-11T23:01:03
================================================================================
[2026-09-11T23:01:34.152+0000] {manager.py:879} INFO - 
================================================================================
DAG File Processing Stats

File Path                                  PID    Runtime      # DAGs    # Errors  Last Runtime    Last Run
-----------------------------------------  -----  ---------  --------  ----------  --------------  -------------------
/opt/airflow/dags/financial_bronze_dag.py                           1           0  0.51s           2026-09-11T23:01:34
================================================================================
[2026-09-11T23:02:04.869+0000] {manager.py:879} INFO - 
================================================================================
DAG File Processing Stats

File Path                                  PID    Runtime      # DAGs    # Errors  Last Runtime    Last Run
-----------------------------------------  -----  ---------  --------  ----------  --------------  -------------------
/opt/airflow/dags/financial_bronze_dag.py                           1           0  0.51s           2026-09-11T23:02:04
================================================================================
[2026-09-11T23:02:16.870+0000] {manager.py:738} INFO - Searching for files in /opt/airflow/dags
[2026-09-11T23:02:16.886+0000] {manager.py:741} INFO - There are 1 files in /opt/airflow/dags
[2026-09-11T23:02:35.553+0000] {manager.py:879} INFO - 
================================================================================
DAG File Processing Stats

File Path                                  PID    Runtime      # DAGs    # Errors  Last Runtime    Last Run
-----------------------------------------  -----  ---------  --------  ----------  --------------  -------------------
/opt/airflow/dags/financial_bronze_dag.py                           1           0  0.51s           2026-09-11T23:02:35
================================================================================
[2026-09-11T23:03:06.217+0000] {manager.py:879} INFO - 
================================================================================
DAG File Processing Stats

File Path                                  PID    Runtime      # DAGs    # Errors  Last Runtime    Last Run
-----------------------------------------  -----  ---------  --------  ----------  --------------  -------------------
/opt/airflow/dags/financial_bronze_dag.py                           1           0  0.51s           2026-09-11T23:03:06
================================================================================
[2026-09-11T23:03:36.793+0000] {manager.py:879} INFO - 
================================================================================
DAG File Processing Stats

File Path                                  PID    Runtime      # DAGs    # Errors  Last Runtime    Last Run
-----------------------------------------  -----  ---------  --------  ----------  --------------  -------------------
/opt/airflow/dags/financial_bronze_dag.py                           1           0  0.41s           2026-09-11T23:03:36
================================================================================
[2026-09-11T23:04:07.349+0000] {manager.py:879} INFO - 
================================================================================
DAG File Processing Stats

File Path                                  PID    Runtime      # DAGs    # Errors  Last Runtime    Last Run
-----------------------------------------  -----  ---------  --------  ----------  --------------  -------------------
/opt/airflow/dags/financial_bronze_dag.py                           1           0  0.41s           2026-09-11T23:04:07
================================================================================
[2026-09-11T23:04:38.024+0000] {manager.py:879} INFO - 
================================================================================
DAG File Processing Stats

File Path                                  PID    Runtime      # DAGs    # Errors  Last Runtime    Last Run
-----------------------------------------  -----  ---------  --------  ----------  --------------  -------------------
/opt/airflow/dags/financial_bronze_dag.py                           1           0  0.51s           2026-09-11T23:04:38
================================================================================
[2026-09-11T23:05:09.630+0000] {manager.py:879} INFO - 
================================================================================
DAG File Processing Stats

File Path                                  PID    Runtime      # DAGs    # Errors  Last Runtime    Last Run
-----------------------------------------  -----  ---------  --------  ----------  --------------  -------------------
/opt/airflow/dags/financial_bronze_dag.py                           1           0  1.59s           2026-09-11T23:05:09
================================================================================
[2026-09-11T23:05:40.467+0000] {manager.py:879} INFO - 
================================================================================
DAG File Processing Stats

File Path                                  PID    Runtime      # DAGs    # Errors  Last Runtime    Last Run
-----------------------------------------  -----  ---------  --------  ----------  --------------  -------------------
/opt/airflow/dags/financial_bronze_dag.py                           1           0  0.61s           2026-09-11T23:05:40
================================================================================
[2026-09-11T23:06:11.173+0000] {manager.py:879} INFO - 
================================================================================
DAG File Processing Stats

File Path                                  PID    Runtime      # DAGs    # Errors  Last Runtime    Last Run
-----------------------------------------  -----  ---------  --------  ----------  --------------  -------------------
/opt/airflow/dags/financial_bronze_dag.py                           1           0  0.51s           2026-09-11T23:06:11
================================================================================
[2026-09-11T23:06:41.986+0000] {manager.py:879} INFO - 
================================================================================
DAG File Processing Stats

File Path                                  PID    Runtime      # DAGs    # Errors  Last Runtime    Last Run
-----------------------------------------  -----  ---------  --------  ----------  --------------  -------------------
/opt/airflow/dags/financial_bronze_dag.py                           1           0  0.63s           2026-09-11T23:06:41
================================================================================
[2026-09-11T23:07:12.538+0000] {manager.py:879} INFO - 
================================================================================
DAG File Processing Stats

File Path                                  PID    Runtime      # DAGs    # Errors  Last Runtime    Last Run
-----------------------------------------  -----  ---------  --------  ----------  --------------  -------------------
/opt/airflow/dags/financial_bronze_dag.py                           1           0  0.51s           2026-09-11T23:07:12
================================================================================
[2026-09-11T23:07:17.176+0000] {manager.py:738} INFO - Searching for files in /opt/airflow/dags
[2026-09-11T23:07:17.202+0000] {manager.py:741} INFO - There are 1 files in /opt/airflow/dags
[2026-09-11T23:07:43.364+0000] {manager.py:879} INFO - 
================================================================================
DAG File Processing Stats

File Path                                  PID    Runtime      # DAGs    # Errors  Last Runtime    Last Run
-----------------------------------------  -----  ---------  --------  ----------  --------------  -------------------
/opt/airflow/dags/financial_bronze_dag.py                           1           0  0.62s           2026-09-11T23:07:43
================================================================================
[2026-09-11T23:08:14.245+0000] {manager.py:879} INFO - 
================================================================================
DAG File Processing Stats

File Path                                  PID    Runtime      # DAGs    # Errors  Last Runtime    Last Run
-----------------------------------------  -----  ---------  --------  ----------  --------------  -------------------
/opt/airflow/dags/financial_bronze_dag.py                           1           0  0.63s           2026-09-11T23:08:14
================================================================================
[2026-09-11T23:08:45.163+0000] {manager.py:879} INFO - 
================================================================================
DAG File Processing Stats

File Path                                  PID    Runtime      # DAGs    # Errors  Last Runtime    Last Run
-----------------------------------------  -----  ---------  --------  ----------  --------------  -------------------
/opt/airflow/dags/financial_bronze_dag.py                           1           0  0.71s           2026-09-11T23:08:45
================================================================================
[2026-09-11T23:09:16.015+0000] {manager.py:879} INFO - 
================================================================================
DAG File Processing Stats

File Path                                  PID    Runtime      # DAGs    # Errors  Last Runtime    Last Run
-----------------------------------------  -----  ---------  --------  ----------  --------------  -------------------
/opt/airflow/dags/financial_bronze_dag.py                           1           0  0.61s           2026-09-11T23:09:16
================================================================================
[2026-09-11T23:09:46.691+0000] {manager.py:879} INFO - 
================================================================================
DAG File Processing Stats

File Path                                  PID    Runtime      # DAGs    # Errors  Last Runtime    Last Run
-----------------------------------------  -----  ---------  --------  ----------  --------------  -------------------
/opt/airflow/dags/financial_bronze_dag.py                           1           0  0.51s           2026-09-11T23:09:46
================================================================================
[2026-09-11T23:10:17.355+0000] {manager.py:879} INFO - 
================================================================================
DAG File Processing Stats

File Path                                  PID    Runtime      # DAGs    # Errors  Last Runtime    Last Run
-----------------------------------------  -----  ---------  --------  ----------  --------------  -------------------
/opt/airflow/dags/financial_bronze_dag.py                           1           0  0.52s           2026-09-11T23:10:17
================================================================================
[2026-09-11T23:10:48.326+0000] {manager.py:879} INFO - 
================================================================================
DAG File Processing Stats

File Path                                  PID    Runtime      # DAGs    # Errors  Last Runtime    Last Run
-----------------------------------------  -----  ---------  --------  ----------  --------------  -------------------
/opt/airflow/dags/financial_bronze_dag.py                           1           0  0.81s           2026-09-11T23:10:48
================================================================================
[2026-09-11T23:11:18.998+0000] {manager.py:879} INFO - 
================================================================================
DAG File Processing Stats

File Path                                  PID    Runtime      # DAGs    # Errors  Last Runtime    Last Run
-----------------------------------------  -----  ---------  --------  ----------  --------------  -------------------
/opt/airflow/dags/financial_bronze_dag.py                           1           0  0.51s           2026-09-11T23:11:18
================================================================================
[2026-09-11T23:11:49.611+0000] {manager.py:879} INFO - 
================================================================================
DAG File Processing Stats

File Path                                  PID    Runtime      # DAGs    # Errors  Last Runtime    Last Run
-----------------------------------------  -----  ---------  --------  ----------  --------------  -------------------
/opt/airflow/dags/financial_bronze_dag.py                           1           0  0.51s           2026-09-11T23:11:49
================================================================================
[2026-09-11T23:12:17.651+0000] {manager.py:738} INFO - Searching for files in /opt/airflow/dags
[2026-09-11T23:12:17.667+0000] {manager.py:741} INFO - There are 1 files in /opt/airflow/dags
[2026-09-11T23:12:20.290+0000] {manager.py:879} INFO - 
================================================================================
DAG File Processing Stats

File Path                                  PID    Runtime      # DAGs    # Errors  Last Runtime    Last Run
-----------------------------------------  -----  ---------  --------  ----------  --------------  -------------------
/opt/airflow/dags/financial_bronze_dag.py                           1           0  0.52s           2026-09-11T23:12:20
================================================================================
[2026-09-11T23:12:50.941+0000] {manager.py:879} INFO - 
================================================================================
DAG File Processing Stats

File Path                                  PID    Runtime      # DAGs    # Errors  Last Runtime    Last Run
-----------------------------------------  -----  ---------  --------  ----------  --------------  -------------------
/opt/airflow/dags/financial_bronze_dag.py                           1           0  0.51s           2026-09-11T23:12:50
================================================================================
[2026-09-11T23:13:21.603+0000] {manager.py:879} INFO - 
================================================================================
DAG File Processing Stats

File Path                                  PID    Runtime      # DAGs    # Errors  Last Runtime    Last Run
-----------------------------------------  -----  ---------  --------  ----------  --------------  -------------------
/opt/airflow/dags/financial_bronze_dag.py                           1           0  0.51s           2026-09-11T23:13:21
================================================================================
[2026-09-11T23:13:52.275+0000] {manager.py:879} INFO - 
================================================================================
DAG File Processing Stats

File Path                                  PID    Runtime      # DAGs    # Errors  Last Runtime    Last Run
-----------------------------------------  -----  ---------  --------  ----------  --------------  -------------------
/opt/airflow/dags/financial_bronze_dag.py                           1           0  0.51s           2026-09-11T23:13:52
================================================================================
[2026-09-11T23:14:22.940+0000] {manager.py:879} INFO - 
================================================================================
DAG File Processing Stats

File Path                                  PID    Runtime      # DAGs    # Errors  Last Runtime    Last Run
-----------------------------------------  -----  ---------  --------  ----------  --------------  -------------------
/opt/airflow/dags/financial_bronze_dag.py                           1           0  0.51s           2026-09-11T23:14:22
================================================================================
[2026-09-11T23:14:53.613+0000] {manager.py:879} INFO - 
================================================================================
DAG File Processing Stats

File Path                                  PID    Runtime      # DAGs    # Errors  Last Runtime    Last Run
-----------------------------------------  -----  ---------  --------  ----------  --------------  -------------------
/opt/airflow/dags/financial_bronze_dag.py                           1           0  0.51s           2026-09-11T23:14:53
================================================================================
[2026-09-11T23:15:24.429+0000] {manager.py:879} INFO - 
================================================================================
DAG File Processing Stats

File Path                                  PID    Runtime      # DAGs    # Errors  Last Runtime    Last Run
-----------------------------------------  -----  ---------  --------  ----------  --------------  -------------------
/opt/airflow/dags/financial_bronze_dag.py                           1           0  0.62s           2026-09-11T23:15:24
================================================================================
[2026-09-11T23:15:55.061+0000] {manager.py:879} INFO - 
================================================================================
DAG File Processing Stats

File Path                                  PID    Runtime      # DAGs    # Errors  Last Runtime    Last Run
-----------------------------------------  -----  ---------  --------  ----------  --------------  -------------------
/opt/airflow/dags/financial_bronze_dag.py                           1           0  0.51s           2026-09-11T23:15:55
================================================================================
[2026-09-11T23:16:25.743+0000] {manager.py:879} INFO - 
================================================================================
DAG File Processing Stats

File Path                                  PID    Runtime      # DAGs    # Errors  Last Runtime    Last Run
-----------------------------------------  -----  ---------  --------  ----------  --------------  -------------------
/opt/airflow/dags/financial_bronze_dag.py                           1           0  0.51s           2026-09-11T23:16:25
================================================================================
[2026-09-11T23:16:56.303+0000] {manager.py:879} INFO - 
================================================================================
DAG File Processing Stats

File Path                                  PID    Runtime      # DAGs    # Errors  Last Runtime    Last Run
-----------------------------------------  -----  ---------  --------  ----------  --------------  -------------------
/opt/airflow/dags/financial_bronze_dag.py                           1           0  0.41s           2026-09-11T23:16:56
================================================================================
[2026-09-11T23:17:18.226+0000] {manager.py:738} INFO - Searching for files in /opt/airflow/dags
[2026-09-11T23:17:18.245+0000] {manager.py:741} INFO - There are 1 files in /opt/airflow/dags
[2026-09-11T23:17:26.974+0000] {manager.py:879} INFO - 
================================================================================
DAG File Processing Stats

File Path                                  PID    Runtime      # DAGs    # Errors  Last Runtime    Last Run
-----------------------------------------  -----  ---------  --------  ----------  --------------  -------------------
/opt/airflow/dags/financial_bronze_dag.py                           1           0  0.51s           2026-09-11T23:17:26
================================================================================
[2026-09-11T23:17:57.671+0000] {manager.py:879} INFO - 
================================================================================
DAG File Processing Stats

File Path                                  PID    Runtime      # DAGs    # Errors  Last Runtime    Last Run
-----------------------------------------  -----  ---------  --------  ----------  --------------  -------------------
/opt/airflow/dags/financial_bronze_dag.py                           1           0  0.51s           2026-09-11T23:17:57
================================================================================
[2026-09-11T23:18:28.487+0000] {manager.py:879} INFO - 
================================================================================
DAG File Processing Stats

File Path                                  PID    Runtime      # DAGs    # Errors  Last Runtime    Last Run
-----------------------------------------  -----  ---------  --------  ----------  --------------  -------------------
/opt/airflow/dags/financial_bronze_dag.py                           1           0  0.61s           2026-09-11T23:18:28
================================================================================
[2026-09-11T23:19:00.973+0000] {manager.py:879} INFO - 
================================================================================
DAG File Processing Stats

File Path                                  PID    Runtime      # DAGs    # Errors  Last Runtime    Last Run
-----------------------------------------  -----  ---------  --------  ----------  --------------  -------------------
/opt/airflow/dags/financial_bronze_dag.py                           1           0  0.92s           2026-09-11T23:19:00
================================================================================
[2026-09-11T23:19:32.126+0000] {manager.py:879} INFO - 
================================================================================
DAG File Processing Stats

File Path                                  PID    Runtime      # DAGs    # Errors  Last Runtime    Last Run
-----------------------------------------  -----  ---------  --------  ----------  --------------  -------------------
/opt/airflow/dags/financial_bronze_dag.py                           1           0  0.71s           2026-09-11T23:19:32
================================================================================
[2026-09-11T23:20:03.004+0000] {manager.py:879} INFO - 
================================================================================
DAG File Processing Stats

File Path                                  PID    Runtime      # DAGs    # Errors  Last Runtime    Last Run
-----------------------------------------  -----  ---------  --------  ----------  --------------  -------------------
/opt/airflow/dags/financial_bronze_dag.py                           1           0  0.81s           2026-09-11T23:20:03
================================================================================
[2026-09-11T23:20:34.149+0000] {manager.py:879} INFO - 
================================================================================
DAG File Processing Stats

File Path                                  PID    Runtime      # DAGs    # Errors  Last Runtime    Last Run
-----------------------------------------  -----  ---------  --------  ----------  --------------  -------------------
/opt/airflow/dags/financial_bronze_dag.py                           1           0  0.81s           2026-09-11T23:20:34
================================================================================
[2026-09-11T23:21:05.239+0000] {manager.py:879} INFO - 
================================================================================
DAG File Processing Stats

File Path                                  PID    Runtime      # DAGs    # Errors  Last Runtime    Last Run
-----------------------------------------  -----  ---------  --------  ----------  --------------  -------------------
/opt/airflow/dags/financial_bronze_dag.py                           1           0  0.71s           2026-09-11T23:21:05
================================================================================
[2026-09-11T23:21:36.354+0000] {manager.py:879} INFO - 
================================================================================
DAG File Processing Stats

File Path                                  PID    Runtime      # DAGs    # Errors  Last Runtime    Last Run
-----------------------------------------  -----  ---------  --------  ----------  --------------  -------------------
/opt/airflow/dags/financial_bronze_dag.py                           1           0  0.81s           2026-09-11T23:21:36
================================================================================
[2026-09-11T23:22:07.188+0000] {manager.py:879} INFO - 
================================================================================
DAG File Processing Stats

File Path                                  PID    Runtime      # DAGs    # Errors  Last Runtime    Last Run
-----------------------------------------  -----  ---------  --------  ----------  --------------  -------------------
/opt/airflow/dags/financial_bronze_dag.py                           1           0  0.72s           2026-09-11T23:22:07
================================================================================
[2026-09-11T23:22:18.514+0000] {manager.py:738} INFO - Searching for files in /opt/airflow/dags
[2026-09-11T23:22:18.553+0000] {manager.py:741} INFO - There are 1 files in /opt/airflow/dags
[2026-09-11T23:22:40.564+0000] {manager.py:879} INFO - 
================================================================================
DAG File Processing Stats

File Path                                  PID    Runtime      # DAGs    # Errors  Last Runtime    Last Run
-----------------------------------------  -----  ---------  --------  ----------  --------------  -------------------
/opt/airflow/dags/financial_bronze_dag.py                           1           0  1.76s           2026-09-11T23:22:40
================================================================================
[2026-09-11T23:23:11.512+0000] {manager.py:879} INFO - 
================================================================================
DAG File Processing Stats

File Path                                  PID    Runtime      # DAGs    # Errors  Last Runtime    Last Run
-----------------------------------------  -----  ---------  --------  ----------  --------------  -------------------
/opt/airflow/dags/financial_bronze_dag.py                           1           0  0.82s           2026-09-11T23:23:11
================================================================================
[2026-09-11T23:23:42.549+0000] {manager.py:879} INFO - 
================================================================================
DAG File Processing Stats

File Path                                  PID    Runtime      # DAGs    # Errors  Last Runtime    Last Run
-----------------------------------------  -----  ---------  --------  ----------  --------------  -------------------
/opt/airflow/dags/financial_bronze_dag.py                           1           0  0.72s           2026-09-11T23:23:42
================================================================================
[2026-09-11T23:24:13.597+0000] {manager.py:879} INFO - 
================================================================================
DAG File Processing Stats

File Path                                  PID    Runtime      # DAGs    # Errors  Last Runtime    Last Run
-----------------------------------------  -----  ---------  --------  ----------  --------------  -------------------
/opt/airflow/dags/financial_bronze_dag.py                           1           0  0.72s           2026-09-11T23:24:13
================================================================================
[2026-09-11T23:24:44.449+0000] {manager.py:879} INFO - 
================================================================================
DAG File Processing Stats

File Path                                  PID    Runtime      # DAGs    # Errors  Last Runtime    Last Run
-----------------------------------------  -----  ---------  --------  ----------  --------------  -------------------
/opt/airflow/dags/financial_bronze_dag.py                           1           0  0.71s           2026-09-11T23:24:44
================================================================================
[2026-09-11T23:25:15.435+0000] {manager.py:879} INFO - 
================================================================================
DAG File Processing Stats

File Path                                  PID    Runtime      # DAGs    # Errors  Last Runtime    Last Run
-----------------------------------------  -----  ---------  --------  ----------  --------------  -------------------
/opt/airflow/dags/financial_bronze_dag.py                           1           0  0.74s           2026-09-11T23:25:15
================================================================================
[2026-09-11T23:25:46.674+0000] {manager.py:879} INFO - 
================================================================================
DAG File Processing Stats

File Path                                  PID    Runtime      # DAGs    # Errors  Last Runtime    Last Run
-----------------------------------------  -----  ---------  --------  ----------  --------------  -------------------
/opt/airflow/dags/financial_bronze_dag.py                           1           0  0.81s           2026-09-11T23:25:46
================================================================================
[2026-09-11T23:26:17.803+0000] {manager.py:879} INFO - 
================================================================================
DAG File Processing Stats

File Path                                  PID    Runtime      # DAGs    # Errors  Last Runtime    Last Run
-----------------------------------------  -----  ---------  --------  ----------  --------------  -------------------
/opt/airflow/dags/financial_bronze_dag.py                           1           0  0.77s           2026-09-11T23:26:17
================================================================================
[2026-09-11T23:26:48.852+0000] {manager.py:879} INFO - 
================================================================================
DAG File Processing Stats

File Path                                  PID    Runtime      # DAGs    # Errors  Last Runtime    Last Run
-----------------------------------------  -----  ---------  --------  ----------  --------------  -------------------
/opt/airflow/dags/financial_bronze_dag.py                           1           0  0.82s           2026-09-11T23:26:48
================================================================================
[2026-09-11T23:27:19.196+0000] {manager.py:738} INFO - Searching for files in /opt/airflow/dags
[2026-09-11T23:27:19.268+0000] {manager.py:741} INFO - There are 1 files in /opt/airflow/dags
[2026-09-11T23:27:20.073+0000] {manager.py:879} INFO - 
================================================================================
DAG File Processing Stats

File Path                                  PID    Runtime      # DAGs    # Errors  Last Runtime    Last Run
-----------------------------------------  -----  ---------  --------  ----------  --------------  -------------------
/opt/airflow/dags/financial_bronze_dag.py                           1           0  0.71s           2026-09-11T23:27:20
================================================================================
[2026-09-11T23:27:51.253+0000] {manager.py:879} INFO - 
================================================================================
DAG File Processing Stats

File Path                                  PID    Runtime      # DAGs    # Errors  Last Runtime    Last Run
-----------------------------------------  -----  ---------  --------  ----------  --------------  -------------------
/opt/airflow/dags/financial_bronze_dag.py                           1           0  0.81s           2026-09-11T23:27:51
================================================================================
[2026-09-11T23:28:22.208+0000] {manager.py:879} INFO - 
================================================================================
DAG File Processing Stats

File Path                                  PID    Runtime      # DAGs    # Errors  Last Runtime    Last Run
-----------------------------------------  -----  ---------  --------  ----------  --------------  -------------------
/opt/airflow/dags/financial_bronze_dag.py                           1           0  0.71s           2026-09-11T23:28:22
================================================================================
[2026-09-11T23:28:53.217+0000] {manager.py:879} INFO - 
================================================================================
DAG File Processing Stats

File Path                                  PID    Runtime      # DAGs    # Errors  Last Runtime    Last Run
-----------------------------------------  -----  ---------  --------  ----------  --------------  -------------------
/opt/airflow/dags/financial_bronze_dag.py                           1           0  0.71s           2026-09-11T23:28:53
================================================================================
[2026-09-11T23:29:24.402+0000] {manager.py:879} INFO - 
================================================================================
DAG File Processing Stats

File Path                                  PID    Runtime      # DAGs    # Errors  Last Runtime    Last Run
-----------------------------------------  -----  ---------  --------  ----------  --------------  -------------------
/opt/airflow/dags/financial_bronze_dag.py                           1           0  0.91s           2026-09-11T23:29:24
================================================================================
[2026-09-11T23:29:55.460+0000] {manager.py:879} INFO - 
================================================================================
DAG File Processing Stats

File Path                                  PID    Runtime      # DAGs    # Errors  Last Runtime    Last Run
-----------------------------------------  -----  ---------  --------  ----------  --------------  -------------------
/opt/airflow/dags/financial_bronze_dag.py                           1           0  0.71s           2026-09-11T23:29:55
================================================================================
[2026-09-11T23:30:26.580+0000] {manager.py:879} INFO - 
================================================================================
DAG File Processing Stats

File Path                                  PID    Runtime      # DAGs    # Errors  Last Runtime    Last Run
-----------------------------------------  -----  ---------  --------  ----------  --------------  -------------------
/opt/airflow/dags/financial_bronze_dag.py                           1           0  0.81s           2026-09-11T23:30:26
================================================================================
[2026-09-11T23:30:57.358+0000] {manager.py:879} INFO - 
================================================================================
DAG File Processing Stats

File Path                                  PID    Runtime      # DAGs    # Errors  Last Runtime    Last Run
-----------------------------------------  -----  ---------  --------  ----------  --------------  -------------------
/opt/airflow/dags/financial_bronze_dag.py                           1           0  0.76s           2026-09-11T23:30:57
================================================================================
[2026-09-11T23:31:28.532+0000] {manager.py:879} INFO - 
================================================================================
DAG File Processing Stats

File Path                                  PID    Runtime      # DAGs    # Errors  Last Runtime    Last Run
-----------------------------------------  -----  ---------  --------  ----------  --------------  -------------------
/opt/airflow/dags/financial_bronze_dag.py                           1           0  0.85s           2026-09-11T23:31:28
================================================================================
[2026-09-11T23:31:59.491+0000] {manager.py:879} INFO - 
================================================================================
DAG File Processing Stats

File Path                                  PID    Runtime      # DAGs    # Errors  Last Runtime    Last Run
-----------------------------------------  -----  ---------  --------  ----------  --------------  -------------------
/opt/airflow/dags/financial_bronze_dag.py                           1           0  0.71s           2026-09-11T23:31:59
================================================================================
[2026-09-11T23:32:19.664+0000] {manager.py:738} INFO - Searching for files in /opt/airflow/dags
[2026-09-11T23:32:19.740+0000] {manager.py:741} INFO - There are 1 files in /opt/airflow/dags
[2026-09-11T23:32:30.590+0000] {manager.py:879} INFO - 
================================================================================
DAG File Processing Stats

File Path                                  PID    Runtime      # DAGs    # Errors  Last Runtime    Last Run
-----------------------------------------  -----  ---------  --------  ----------  --------------  -------------------
/opt/airflow/dags/financial_bronze_dag.py                           1           0  0.75s           2026-09-11T23:32:30
================================================================================
[2026-09-11T23:33:01.777+0000] {manager.py:879} INFO - 
================================================================================
DAG File Processing Stats

File Path                                  PID    Runtime      # DAGs    # Errors  Last Runtime    Last Run
-----------------------------------------  -----  ---------  --------  ----------  --------------  -------------------
/opt/airflow/dags/financial_bronze_dag.py                           1           0  0.92s           2026-09-11T23:33:01
================================================================================
[2026-09-11T23:33:32.858+0000] {manager.py:879} INFO - 
================================================================================
DAG File Processing Stats

File Path                                  PID    Runtime      # DAGs    # Errors  Last Runtime    Last Run
-----------------------------------------  -----  ---------  --------  ----------  --------------  -------------------
/opt/airflow/dags/financial_bronze_dag.py                           1           0  0.73s           2026-09-11T23:33:32
================================================================================
[2026-09-11T23:34:03.824+0000] {manager.py:879} INFO - 
================================================================================
DAG File Processing Stats

File Path                                  PID    Runtime      # DAGs    # Errors  Last Runtime    Last Run
-----------------------------------------  -----  ---------  --------  ----------  --------------  -------------------
/opt/airflow/dags/financial_bronze_dag.py                           1           0  0.75s           2026-09-11T23:34:03
================================================================================
[2026-09-11T23:34:34.967+0000] {manager.py:879} INFO - 
================================================================================
DAG File Processing Stats

File Path                                  PID    Runtime      # DAGs    # Errors  Last Runtime    Last Run
-----------------------------------------  -----  ---------  --------  ----------  --------------  -------------------
/opt/airflow/dags/financial_bronze_dag.py                           1           0  0.72s           2026-09-11T23:34:34
================================================================================
[2026-09-11T23:35:06.177+0000] {manager.py:879} INFO - 
================================================================================
DAG File Processing Stats

File Path                                  PID    Runtime      # DAGs    # Errors  Last Runtime    Last Run
-----------------------------------------  -----  ---------  --------  ----------  --------------  -------------------
/opt/airflow/dags/financial_bronze_dag.py                           1           0  0.83s           2026-09-11T23:35:06
================================================================================
[2026-09-11T23:35:37.223+0000] {manager.py:879} INFO - 
================================================================================
DAG File Processing Stats

File Path                                  PID    Runtime      # DAGs    # Errors  Last Runtime    Last Run
-----------------------------------------  -----  ---------  --------  ----------  --------------  -------------------
/opt/airflow/dags/financial_bronze_dag.py                           1           0  0.71s           2026-09-11T23:35:37
================================================================================
[2026-09-11T23:36:08.216+0000] {manager.py:879} INFO - 
================================================================================
DAG File Processing Stats

File Path                                  PID    Runtime      # DAGs    # Errors  Last Runtime    Last Run
-----------------------------------------  -----  ---------  --------  ----------  --------------  -------------------
/opt/airflow/dags/financial_bronze_dag.py                           1           0  0.61s           2026-09-11T23:36:08
================================================================================
[2026-09-11T23:36:39.607+0000] {manager.py:879} INFO - 
================================================================================
DAG File Processing Stats

File Path                                  PID    Runtime      # DAGs    # Errors  Last Runtime    Last Run
-----------------------------------------  -----  ---------  --------  ----------  --------------  -------------------
/opt/airflow/dags/financial_bronze_dag.py                           1           0  1.03s           2026-09-11T23:36:39
================================================================================
[2026-09-11T23:37:10.497+0000] {manager.py:879} INFO - 
================================================================================
DAG File Processing Stats

File Path                                  PID    Runtime      # DAGs    # Errors  Last Runtime    Last Run
-----------------------------------------  -----  ---------  --------  ----------  --------------  -------------------
/opt/airflow/dags/financial_bronze_dag.py                           1           0  0.72s           2026-09-11T23:37:10
================================================================================
[2026-09-11T23:37:20.258+0000] {manager.py:738} INFO - Searching for files in /opt/airflow/dags
[2026-09-11T23:37:20.297+0000] {manager.py:741} INFO - There are 1 files in /opt/airflow/dags
[2026-09-11T23:37:41.586+0000] {manager.py:879} INFO - 
================================================================================
DAG File Processing Stats

File Path                                  PID    Runtime      # DAGs    # Errors  Last Runtime    Last Run
-----------------------------------------  -----  ---------  --------  ----------  --------------  -------------------
/opt/airflow/dags/financial_bronze_dag.py                           1           0  0.72s           2026-09-11T23:37:41
================================================================================
[2026-09-11T23:38:12.646+0000] {manager.py:879} INFO - 
================================================================================
DAG File Processing Stats

File Path                                  PID    Runtime      # DAGs    # Errors  Last Runtime    Last Run
-----------------------------------------  -----  ---------  --------  ----------  --------------  -------------------
/opt/airflow/dags/financial_bronze_dag.py                           1           0  0.71s           2026-09-11T23:38:12
================================================================================
[2026-09-11T23:38:43.689+0000] {manager.py:879} INFO - 
================================================================================
DAG File Processing Stats

File Path                                  PID    Runtime      # DAGs    # Errors  Last Runtime    Last Run
-----------------------------------------  -----  ---------  --------  ----------  --------------  -------------------
/opt/airflow/dags/financial_bronze_dag.py                           1           0  0.71s           2026-09-11T23:38:43
================================================================================
[2026-09-11T23:39:14.594+0000] {manager.py:879} INFO - 
================================================================================
DAG File Processing Stats

File Path                                  PID    Runtime      # DAGs    # Errors  Last Runtime    Last Run
-----------------------------------------  -----  ---------  --------  ----------  --------------  -------------------
/opt/airflow/dags/financial_bronze_dag.py                           1           0  0.71s           2026-09-11T23:39:14
================================================================================
[2026-09-11T23:39:46.546+0000] {manager.py:879} INFO - 
================================================================================
DAG File Processing Stats

File Path                                  PID    Runtime      # DAGs    # Errors  Last Runtime    Last Run
-----------------------------------------  -----  ---------  --------  ----------  --------------  -------------------
/opt/airflow/dags/financial_bronze_dag.py                           1           0  1.54s           2026-09-11T23:39:46
================================================================================
